Movimiento,Fecha Emisión,Cliente,Nombre,Nombre Sucursal ,Almacén,Dirección,Observaciones,Delegación,Colonia,Código Postal,Población,Estado,Dirección Completa,Peso,Importe Total,Saldo,Referencia,Observaciones Horarios y/o citas,Ruta,Agente
Pedido 443979,6/4/2026,000002,CLIENTE DIVERSO (REM),CLIENTE DIVERSO,CISAALMA,CARR FEDERAL FORTIN HUATUSCO 1617,EX HACIENDA LAS ANIMAS - FORTIN,Fortín,Ricardo Ballinas,94472,Fortín de las Flores,Veracruz,"CARR FEDERAL FORTIN HUATUSCO 1617,Fortín,Ricardo Ballinas,Fortín de las Flores,Veracruz,94472",380,"13565,04","10065,03",*PAOLA BUENO.,,CORDOBA,101
Pedido 444245,9/4/2026,A00156,DACSA DEL MERCADO,DACSA DEL MERCADO BODEGA FORTIN,CISAALMA,CARR FORTIN-HUATUSCO 830 A,HERMOSA PROVINCIA - FORTÍN,Fortín,Hermosa Provincia,94472,Fortín de las Flores,Veracruz,"CARR FORTIN-HUATUSCO 830 A,Fortín,Hermosa Provincia,Fortín de las Flores,Veracruz,94472",5350,82400,22800,*CEDI.,,CORDOBA,154
Pedido 443985,6/4/2026,A00177,DULCERA LA JOSEFINA,"""DULCERA LA JOSEFINA, S.A. DE C.V. (Dimas)""",CISAALMA,AV 21 FRACCIONAMIENTO JARDINES SAN DIMAS 1608,SAN DIMAS  - CORDOBA,Córdoba,San Dimas,94570,Córdoba,Veracruz,"AV 21 FRACCIONAMIENTO JARDINES SAN DIMAS 1608,Córdoba,San Dimas,Córdoba,Veracruz,94570","627,8",14117,1500,*PLAZA.,,CORDOBA,154
Pedido 443727,28/3/2026,A00552,SUPER SERVICIO ALATRISTE,SUPER SERVICIO ALATRISTE,CISAALMA,5 ORIENTE 329,CENTRO - TEHUACAN,Tehuacán,Centro de la Ciudad,75700,Tehuacan,Puebla,"5 ORIENTE 329,Tehuacán,Centro de la Ciudad,Tehuacan,Puebla,75700",150,4200,4200,,,PUEBLA,253
Pedido 444087,8/4/2026,A00564,TIENDAS LORES,TIENDAS LORES (TEMAZCAL),CISAALMA,AV 2 No 1269,CENTRO - TEMAZCAL,San Miguel Soyaltepec,Temascal,68430,,Oaxaca,"AV 2 No 1269,San Miguel Soyaltepec,Temascal,,Oaxaca,68430","2989,74","66839,2",500, ,,TIERRA BLANCA,101
Pedido 444084,8/4/2026,A00565,TIENDAS LORES,TIENDAS LORES (PLAYA VICENTE),CISAALMA,M LERDO 384 ENTRE 2 ABRIL Y JOSEFA ORTIZ,CENTRO - PLAYA VICENTE,Playa Vicente,Lomas Verdes,95600,Playa Vicente,Veracruz,"M LERDO 384 ENTRE 2 ABRIL Y JOSEFA ORTIZ,Playa Vicente,Lomas Verdes,Playa Vicente,Veracruz,95600","1292,08","28658,8",928, ,,TUXTEPEC,101
Pedido 444085,8/4/2026,A00566,TIENDAS LORES,TIENDAS LORES (VILLA AZUETA),CISAALMA,AV REVOLUCION 74 ENTRE ALLENDE Y ZAPATA,CENTRO - VILLA AZUETA,José Azueta,Valle Dorado,95580,,Veracruz,"AV REVOLUCION 74 ENTRE ALLENDE Y ZAPATA,José Azueta,Valle Dorado,,Veracruz,95580","1664,9",36350,686, ,,CUENCA,101
Pedido 444079,8/4/2026,A00567,TIENDAS LORES,TIENDAS LORES (BOULEVARD),CISAALMA,BOULEVARD BENITO JUAREZ Y CARR OJITLAN,MARIA EUGENIA - TUXTEPEC,San Juan Bautista Tuxtepec,Loma Alta,68350,San Juan Bautista Tuxtepec,Oaxaca,"BOULEVARD BENITO JUAREZ Y CARR OJITLAN,San Juan Bautista Tuxtepec,Loma Alta,San Juan Bautista Tuxtepec,Oaxaca,68350","2931,88","64196,4",500, ,,TUXTEPEC,101
Pedido 444075,8/4/2026,A00568,TIENDAS LORES,TIENDAS LORES (CENTRO),CISAALMA,AVENIDA 5 DE MAYO Y MATAMOROS,CENTRO - TUXTEPEC,San Juan Bautista Tuxtepec,Tuxtepec Centro,68300,San Juan Bautista Tuxtepec,Oaxaca,"AVENIDA 5 DE MAYO Y MATAMOROS,San Juan Bautista Tuxtepec,Tuxtepec Centro,San Juan Bautista Tuxtepec,Oaxaca,68300","7796,6",170272,686, ,,TUXTEPEC,101
Pedido 444076,8/4/2026,A00569,TIENDAS LORES,TIENDAS LORES (COSAMALOAPAN),CISAALMA,AV.RUIZ CORTINES No 300,CENTRO - COSAMALOAPAN,Cosamaloapan de Carpio,Cosamaloapan de Carpio Centro,95400,Cosamaloapan,Veracruz,"AV.RUIZ CORTINES No 300,Cosamaloapan de Carpio,Cosamaloapan de Carpio Centro,Cosamaloapan,Veracruz,95400","5913,86","127922,2",1000, ,,LOS TUXTLAS,101
Pedido 444077,8/4/2026,A00572,TIENDAS LORES,TIENDAS LORES (ISLA),CISAALMA,RAUL SANDOVAL No 30,CENTRO - ISLA,Isla,Isla Centro,95640,Isla,Veracruz,"RAUL SANDOVAL No 30,Isla,Isla Centro,Isla,Veracruz,95640","2480,2",54679,242, ,,CUENCA,101
Pedido 444078,8/4/2026,A00573,TIENDAS LORES,TIENDAS LORES (LOMA BONITA),CISAALMA,AV QUINTANA ROO No 7,CENTRO - LOMA BONITA,Loma Bonita,Barrio La Escobeta,68400,Loma Bonita,Oaxaca,"AV QUINTANA ROO No 7,Loma Bonita,Barrio La Escobeta,Loma Bonita,Oaxaca,68400","3158,38","69430,4",1186, ,,CUENCA,101
Pedido 444086,8/4/2026,A00574,TIENDAS LORES,TIENDAS LORES (RODRIGUEZ CLARA),CISAALMA,ALVARO OBREGON S/N,CENTRO - RODRIGUEZ CLARA,Juan Rodríguez Clara,La Unión,95670,,Veracruz,"ALVARO OBREGON S/N,Juan Rodríguez Clara,La Unión,,Veracruz,95670","1695,9",37274,242, ,,,101
Pedido 444082,8/4/2026,A00575,TIENDAS LORES,TIENDAS LORES (TEZONAPA),CISAALMA,5 DE MAYO No 30,CENTRO - TEZONAPA,Tezonapa,Barranca Seca,95096,Tezonapa,Veracruz,"5 DE MAYO No 30,Tezonapa,Barranca Seca,Tezonapa,Veracruz,95096","4490,6",101033,500, ,,,101
Pedido 444074,8/4/2026,A00576,TIENDAS LORES,TIENDAS LORES (TIERRA BLANCA),CISAALMA,5 DE MAYO No 806,CENTRO - TIERRA BLANCA,Tierra Blanca,Tierra Blanca Centro,95100,Tierra Blanca,Veracruz,"5 DE MAYO No 806,Tierra Blanca,Tierra Blanca Centro,Tierra Blanca,Veracruz,95100","4479,1",99096,1000, ,,,101
Pedido 444081,8/4/2026,A00577,TIENDAS LORES,TIENDAS LORES (VERACRUZ),CISAALMA,AV DIAZ MIRON 277,CENTRO - VERACRUZ,Veracruz,Veracruz Centro,91700,Veracruz,Veracruz,"AV DIAZ MIRON 277,Veracruz,Veracruz Centro,Veracruz,Veracruz,91700","600,4",14230,500, ,,VERACRUZ PUERTO,101
Pedido 416255,19/8/2024,A00730,MUESTRA CLIENTE (REM),MUESTRA CLIENTE (REM),CISAALMA,,,,,,,Veracruz,",,,,Veracruz,",50,4650,4650,*ROTACION DE MERCA CADENA SORIANA-*MIRIAM G.-CANCN,*vobo ROLVERA.,CORDOBA,101
Pedido 417348,13/9/2024,A00730,MUESTRA CLIENTE (REM),MUESTRA CLIENTE (REM),PUBLICO,,,,,,,Veracruz,",,,,Veracruz,","1,5",360,360,*MUESTRE P AGENTES DE VENTAS MAYOREO.,*vobo MCANCINO.,CORDOBA,101
Pedido 443429,23/3/2026,A00730,MUESTRA CLIENTE (REM),MUESTRA CLIENTE (REM),CISAALMA,CARR FED FORTIN-HUATUSCO 1617,RICARDO BALLINAS-FORTIN,Fortín,Ricardo Ballinas,94472,Fortín de las Flores,Veracruz,"CARR FED FORTIN-HUATUSCO 1617,Fortín,Ricardo Ballinas,Fortín de las Flores,Veracruz,94472",20,"829,98","746,982",*PROMOCION 20+2K MOSTRADOR.,*vobo MCANCINO.,CORDOBA,101
Pedido 443449,24/3/2026,A00730,MUESTRA CLIENTE (REM),MUESTRA CLIENTE (REM),CISAALMA,CARR FED FORTIN-HUATUSCO 1617,RICARDO BALLINAS-FORTIN,Fortín,Ricardo Ballinas,94472,Fortín de las Flores,Veracruz,"CARR FED FORTIN-HUATUSCO 1617,Fortín,Ricardo Ballinas,Fortín de las Flores,Veracruz,94472",30,720,720,PD: 443448 SUC.0984 BODEGA AURRERA MACULTEPEC,,CORDOBA,101
Pedido 443741,30/3/2026,A00730,MUESTRA CLIENTE (REM),MUESTRA CLIENTE (REM),CISAALMA,CARR FED FORTIN-HUATUSCO 1617,RICARDO BALLINAS-FORTIN,Fortín,Ricardo Ballinas,94472,Fortín de las Flores,Veracruz,"CARR FED FORTIN-HUATUSCO 1617,Fortín,Ricardo Ballinas,Fortín de las Flores,Veracruz,94472",120,11160,11160,avenitas xalapa y veracruz,,CORDOBA,101
Pedido 443899,1/4/2026,A00730,MUESTRA CLIENTE (REM),MUESTRA CLIENTE (REM),CISAALMA,CARR FED FORTIN-HUATUSCO 1617,RICARDO BALLINAS-FORTIN,Fortín,Ricardo Ballinas,94472,Fortín de las Flores,Veracruz,"CARR FED FORTIN-HUATUSCO 1617,Fortín,Ricardo Ballinas,Fortín de las Flores,Veracruz,94472",4,372,372,*DESGUSTACIONESABR VERACRUZ.,*vobo JOLVERA.,CORDOBA,101
Pedido 443933,2/4/2026,A00730,MUESTRA CLIENTE (REM),MUESTRA CLIENTE (REM),CISAALMA,CARR FED FORTIN-HUATUSCO 1617,RICARDO BALLINAS-FORTIN,Fortín,Ricardo Ballinas,94472,Fortín de las Flores,Veracruz,"CARR FED FORTIN-HUATUSCO 1617,Fortín,Ricardo Ballinas,Fortín de las Flores,Veracruz,94472",10,270,270,*CTES DE ZONA TUXTLA.,*vobo MCANCINO.,CORDOBA,101
Pedido 443946,2/4/2026,A00730,MUESTRA CLIENTE (REM),MUESTRA CLIENTE (REM),CISAALMA,CARR FED FORTIN-HUATUSCO 1617,RICARDO BALLINAS-FORTIN,Fortín,Ricardo Ballinas,94472,Fortín de las Flores,Veracruz,"CARR FED FORTIN-HUATUSCO 1617,Fortín,Ricardo Ballinas,Fortín de las Flores,Veracruz,94472",20,"700,002","700,002",*SEMILLAS SAN LUIS/ LAVOR DE VENTA-100GR.,*vobo MCANCINO.,CORDOBA,101
Pedido 443947,2/4/2026,A00730,MUESTRA CLIENTE (REM),MUESTRA CLIENTE (REM),CISAALMA,CARR FED FORTIN-HUATUSCO 1617,RICARDO BALLINAS-FORTIN,Fortín,Ricardo Ballinas,94472,Fortín de las Flores,Veracruz,"CARR FED FORTIN-HUATUSCO 1617,Fortín,Ricardo Ballinas,Fortín de las Flores,Veracruz,94472",20,"700,002","700,002",*DIPEPSA/ LAVOR DE VENTA-100GR.,,CORDOBA,101
Pedido 444221,9/4/2026,A00730,MUESTRA CLIENTE (REM),MUESTRA CLIENTE (REM),CISAALMA,CARR FED FORTIN-HUATUSCO 1617,RICARDO BALLINAS-FORTIN,Fortín,Ricardo Ballinas,94472,Fortín de las Flores,Veracruz,"CARR FED FORTIN-HUATUSCO 1617,Fortín,Ricardo Ballinas,Fortín de las Flores,Veracruz,94472",60,1440,1440,PD:444219 SUC.1101 BODEGA AURRERA CIUDAD INDUSTRIA,,CORDOBA,101
Pedido 444061,8/4/2026,A00730,MUESTRA CLIENTE (REM),MUESTRA CLIENTE (REM),CISAALMA,CARR FED FORTIN-HUATUSCO 1617,RICARDO BALLINAS-FORTIN,Fortín,Ricardo Ballinas,94472,Fortín de las Flores,Veracruz,"CARR FED FORTIN-HUATUSCO 1617,Fortín,Ricardo Ballinas,Fortín de las Flores,Veracruz,94472",111,2365,2365,*DONATIVO- FUNDC ROMA.,,CORDOBA,101
Pedido 444089,8/4/2026,A01123,TIENDAS LORES,TIENDAS LORES (LERDO DE TEJADA),CISAALMA,CALLE REVOLUCION NORTE S/N ENTRE NICOLAS BRAVO Y J DE LA LUZ ENRIQUEZ,CENTRO - LERDO DE TEJEDA,Lerdo de Tejada,Lerdo de Tejada Centro,95280,Lerdo de Tejada,Veracruz,"CALLE REVOLUCION NORTE S/N ENTRE NICOLAS BRAVO Y J DE LA LUZ ENRIQUEZ,Lerdo de Tejada,Lerdo de Tejada Centro,Lerdo de Tejada,Veracruz,95280","2429,78","54793,4",1242, ,,LOS TUXTLAS,101
Pedido 443909,1/4/2026,A01505,ABARROTES FASTI,ABARROTES FASTI S.A DE C.V,CISAALMA,CALLE CD ISLA D UNIDAD 2 CENTRAL DE ABASTOS 2,CENTRAL DE ABASTOS  - XALAPA,Xalapa,La Giralda,91194,Xalapa-Enríquez,Veracruz,"CALLE CD ISLA D UNIDAD 2 CENTRAL DE ABASTOS 2,Xalapa,La Giralda,Xalapa-Enríquez,Veracruz,91194",10000,210000,210000,ENVIAR PLAYO -- ENTREGAR 21/04/26,fecha de entrega 21 de abril 2026,XALAPA,222
Pedido 444316,10/4/2026,A01505,ABARROTES FASTI,ABARROTES FASTI S.A DE C.V,CISAALMA,CALLE CD ISLA D UNIDAD 2 CENTRAL DE ABASTOS 2,CENTRAL DE ABASTOS  - XALAPA,Xalapa,La Giralda,91194,Xalapa-Enríquez,Veracruz,"CALLE CD ISLA D UNIDAD 2 CENTRAL DE ABASTOS 2,Xalapa,La Giralda,Xalapa-Enríquez,Veracruz,91194","1469,8",57422,57422,el repartidor deve traer emplayo promocion 2 cajas,,XALAPA,222
Pedido 444317,10/4/2026,A01505,ABARROTES FASTI,ABARROTES FASTI S.A DE C.V,CISAALMA,CALLE CD ISLA D UNIDAD 2 CENTRAL DE ABASTOS 2,CENTRAL DE ABASTOS  - XALAPA,Xalapa,La Giralda,91194,Xalapa-Enríquez,Veracruz,"CALLE CD ISLA D UNIDAD 2 CENTRAL DE ABASTOS 2,Xalapa,La Giralda,Xalapa-Enríquez,Veracruz,91194",3970,102450,102450,el repartidor deve traer emplayo,,XALAPA,222
Pedido 444092,8/4/2026,A01637,TIENDAS LORES,TIENDAS LORES (VALLE NACIONAL),CISAALMA,CALLE JOSE MARIA MORELOS No 37,CENTRO - VALLE NACIONAL,San Juan Bautista Valle Nacional,Playa Del Rio,68480,San Juan Bautista Valle Nacional,Oaxaca,"CALLE JOSE MARIA MORELOS No 37,San Juan Bautista Valle Nacional,Playa Del Rio,San Juan Bautista Valle Nacional,Oaxaca,68480","3401,5",73082,686, ,,TUXTEPEC,101
Pedido 444093,8/4/2026,A01767,TIENDAS LORES,TIENDAS LORES (VICENTE CAMALOTE),CISAALMA,CALLE 11 S/N ENTRE IGNACIO DE LA LLAVE Y BENITO JUAREZ,CENTRO - ACATLAN DE PEREZ FIGUEROA,Acatlán de Pérez Figueroa,Benito Juárez,68422,Vicente Camalote,Oaxaca,"CALLE 11 S/N ENTRE IGNACIO DE LA LLAVE Y BENITO JUAREZ,Acatlán de Pérez Figueroa,Benito Juárez,Vicente Camalote,Oaxaca,68422","1765,28","40219,8",1000, ,,TEZONAPA,101
Pedido 444314,10/4/2026,A01819,GENERAL DE MUEBLES PAPANTLA,GENERAL DE MUEBLES PAPANTLA,CISAALMA,CALLE FANCISCO SAUSA MINA No 101,BARRIO DEL NARANJO - PAPANTLA,Papantla,Papantla Centro,93400,Papantla de Olarte,Veracruz,"CALLE FANCISCO SAUSA MINA No 101,Papantla,Papantla Centro,Papantla de Olarte,Veracruz,93400",1336,"25994,28","25994,28",,5.00 AM,VERACRUZ NORTE,172
Pedido 444193,8/4/2026,A01819,GENERAL DE MUEBLES PAPANTLA,GENERAL DE MUEBLES PAPANTLA,CISAALMA,CALLE FANCISCO SAUSA MINA No 101,BARRIO DEL NARANJO - PAPANTLA,Papantla,Papantla Centro,93400,Papantla de Olarte,Veracruz,"CALLE FANCISCO SAUSA MINA No 101,Papantla,Papantla Centro,Papantla de Olarte,Veracruz,93400","3757,6",75325,75325,,5.00 AM,VERACRUZ NORTE,172
Pedido 444095,8/4/2026,A01835,TIENDAS LORES,TIENDAS LORES (ANGEL R. CABADA),CISAALMA,AV FRANCISCO J MORENO No 30,CENTRO - ANGEL R. CABADA,Angel R. Cabada,Angel R. Cabada,95840,Ángel R. Cabada,Veracruz,"AV FRANCISCO J MORENO No 30,Angel R. Cabada,Angel R. Cabada,Ángel R. Cabada,Veracruz,95840","3863,46","87795,8",1428, ,,LOS TUXTLAS,101
Pedido 444094,8/4/2026,A01836,TIENDAS LORES,TIENDAS LORES (ALVARADO),CISAALMA,IGNACIO DE LA LLAVE No 35,CENTRO - ALVARADO,Alvarado,Rincón de la Palma,95250,,Veracruz,"IGNACIO DE LA LLAVE No 35,Alvarado,Rincón de la Palma,,Veracruz,95250","3716,68","81236,4",1000, ,,,101
Pedido 444097,8/4/2026,A01895,TIENDAS LORES,TIENDAS LORES (TIERRA BLANCA 2),CISAALMA,CALLE PROLONGACION AQUILES SERDAN No 300 ENTRE OBRERO MUNDIAL Y MARTIRES DE CHIGACO,OBRERA - TIERRA BLANCA,Tierra Blanca,Obrera,95190,Tierra Blanca,Veracruz,"CALLE PROLONGACION AQUILES SERDAN No 300 ENTRE OBRERO MUNDIAL Y MARTIRES DE CHIGACO,Tierra Blanca,Obrera,Tierra Blanca,Veracruz,95190","1562,96","36132,8",372, ,,,101
Pedido 444098,8/4/2026,A01909,TIENDAS LORES,TIENDAS LORES (TIERRA BLANCA 3),CISAALMA,HEROICO COLEGIO MILITAR ESQUINA CALLE INDEPENDENCIA No 701,ECHEVERRIA - TIERRA BLANCA,Tierra Blanca,Del Carmen,95110,Tierra Blanca,Veracruz,"HEROICO COLEGIO MILITAR ESQUINA CALLE INDEPENDENCIA No 701,Tierra Blanca,Del Carmen,Tierra Blanca,Veracruz,95110","1811,86","41762,2",1000, ,,,101
Pedido 444100,8/4/2026,A01955,TIENDAS LORES,TIENDAS LORES (COSAMALOAPAN 2),CISAALMA,AV FRANCISCO I MADERO,CENTRO - COSAMALOAPAN,Cosamaloapan de Carpio,Cosamaloapan de Carpio Centro,95400,Cosamaloapan,Veracruz,"AV FRANCISCO I MADERO,Cosamaloapan de Carpio,Cosamaloapan de Carpio Centro,Cosamaloapan,Veracruz,95400","3035,78","66574,4",1000, ,,LOS TUXTLAS,101
Pedido 444103,8/4/2026,A01990,TIENDAS LORES,TIENDAS LORES (TLALIXCOYAN),CISAALMA,AV BENITO JUAREZ,CENTRO - TLALIXCOYAN,Tlalixcoyan,El Triunfo (La Providencia),95225,,Veracruz,"AV BENITO JUAREZ,Tlalixcoyan,El Triunfo (La Providencia),,Veracruz,95225","1277,28","27873,8",500, ,,,101
Pedido 444105,8/4/2026,A02010,TIENDAS LORES,TIENDAS LORES (SANTIAGO TUXTLA),CISAALMA,AV MIGUEL HIDALGO #3,CENTRO - SANTIAGO TUXTLA,Santiago Tuxtla,Santiago Tuxtla Centro,95830,Santiago Tuxtla,Veracruz,"AV MIGUEL HIDALGO #3,Santiago Tuxtla,Santiago Tuxtla Centro,Santiago Tuxtla,Veracruz,95830","3212,56","73824,2",1000, ,,LOS TUXTLAS,101
Pedido 444106,8/4/2026,A02014,TIENDAS LORES,TIENDAS LORES ( SAN JOSE CHILTEPEC ),CISAALMA,CALLE JOSE MARIA PINO SUAREZ S/N,CENTRO - SAN JOSE CHILTEPEC,San José Chiltepec,San Jose Chiltepec,68456,,Oaxaca,"CALLE JOSE MARIA PINO SUAREZ S/N,San José Chiltepec,San Jose Chiltepec,,Oaxaca,68456","951,2",20728,686, ,,TUXTEPEC,101
Pedido 444260,10/4/2026,A02018,GUADALUPE GARCIA MARTINEZ (REM),GUADALUPE GARCIA MARTINEZ (REM),CISAALMA,3 AV NORTE ENTRE PASO DEL PALENQUE Y P LIMON,CENTRO - CD. HIDALGO,Suchiate,San Caralampio,30840,,Chiapas,"3 AV NORTE ENTRE PASO DEL PALENQUE Y P LIMON,Suchiate,San Caralampio,,Chiapas,30840",2187,49815,49815,,,,131
Pedido 444261,10/4/2026,A02018,GUADALUPE GARCIA MARTINEZ (REM),GUADALUPE GARCIA MARTINEZ (REM),CISAALMA,3 AV NORTE ENTRE PASO DEL PALENQUE Y P LIMON,CENTRO - CD. HIDALGO,Suchiate,San Caralampio,30840,,Chiapas,"3 AV NORTE ENTRE PASO DEL PALENQUE Y P LIMON,Suchiate,San Caralampio,,Chiapas,30840",2187,49815,49815,,,,131
Pedido 444262,10/4/2026,A02018,GUADALUPE GARCIA MARTINEZ (REM),GUADALUPE GARCIA MARTINEZ (REM),CISAALMA,3 AV NORTE ENTRE PASO DEL PALENQUE Y P LIMON,CENTRO - CD. HIDALGO,Suchiate,San Caralampio,30840,,Chiapas,"3 AV NORTE ENTRE PASO DEL PALENQUE Y P LIMON,Suchiate,San Caralampio,,Chiapas,30840",2187,49815,49815,,,,131
Pedido 444263,10/4/2026,A02018,GUADALUPE GARCIA MARTINEZ (REM),GUADALUPE GARCIA MARTINEZ (REM),CISAALMA,3 AV NORTE ENTRE PASO DEL PALENQUE Y P LIMON,CENTRO - CD. HIDALGO,Suchiate,San Caralampio,30840,,Chiapas,"3 AV NORTE ENTRE PASO DEL PALENQUE Y P LIMON,Suchiate,San Caralampio,,Chiapas,30840",2187,49815,49815,,,,131
Pedido 444264,10/4/2026,A02018,GUADALUPE GARCIA MARTINEZ (REM),GUADALUPE GARCIA MARTINEZ (REM),CISAALMA,3 AV NORTE ENTRE PASO DEL PALENQUE Y P LIMON,CENTRO - CD. HIDALGO,Suchiate,San Caralampio,30840,,Chiapas,"3 AV NORTE ENTRE PASO DEL PALENQUE Y P LIMON,Suchiate,San Caralampio,,Chiapas,30840",2187,49815,49815,,,,131
Pedido 444265,10/4/2026,A02018,GUADALUPE GARCIA MARTINEZ (REM),GUADALUPE GARCIA MARTINEZ (REM),CISAALMA,3 AV NORTE ENTRE PASO DEL PALENQUE Y P LIMON,CENTRO - CD. HIDALGO,Suchiate,San Caralampio,30840,,Chiapas,"3 AV NORTE ENTRE PASO DEL PALENQUE Y P LIMON,Suchiate,San Caralampio,,Chiapas,30840",2187,49815,49815,,,,131
Pedido 444266,10/4/2026,A02018,GUADALUPE GARCIA MARTINEZ (REM),GUADALUPE GARCIA MARTINEZ (REM),CISAALMA,3 AV NORTE ENTRE PASO DEL PALENQUE Y P LIMON,CENTRO - CD. HIDALGO,Suchiate,San Caralampio,30840,,Chiapas,"3 AV NORTE ENTRE PASO DEL PALENQUE Y P LIMON,Suchiate,San Caralampio,,Chiapas,30840",2187,49815,49815,,,,131
Pedido 444267,10/4/2026,A02018,GUADALUPE GARCIA MARTINEZ (REM),GUADALUPE GARCIA MARTINEZ (REM),CISAALMA,3 AV NORTE ENTRE PASO DEL PALENQUE Y P LIMON,CENTRO - CD. HIDALGO,Suchiate,San Caralampio,30840,,Chiapas,"3 AV NORTE ENTRE PASO DEL PALENQUE Y P LIMON,Suchiate,San Caralampio,,Chiapas,30840",2187,49815,49815,,,,131
Pedido 444268,10/4/2026,A02018,GUADALUPE GARCIA MARTINEZ (REM),GUADALUPE GARCIA MARTINEZ (REM),CISAALMA,3 AV NORTE ENTRE PASO DEL PALENQUE Y P LIMON,CENTRO - CD. HIDALGO,Suchiate,San Caralampio,30840,,Chiapas,"3 AV NORTE ENTRE PASO DEL PALENQUE Y P LIMON,Suchiate,San Caralampio,,Chiapas,30840",2187,49815,49815,,,,131
Pedido 444269,10/4/2026,A02018,GUADALUPE GARCIA MARTINEZ (REM),GUADALUPE GARCIA MARTINEZ (REM),CISAALMA,3 AV NORTE ENTRE PASO DEL PALENQUE Y P LIMON,CENTRO - CD. HIDALGO,Suchiate,San Caralampio,30840,,Chiapas,"3 AV NORTE ENTRE PASO DEL PALENQUE Y P LIMON,Suchiate,San Caralampio,,Chiapas,30840",2187,49815,49815,,,,131
Pedido 444270,10/4/2026,A02018,GUADALUPE GARCIA MARTINEZ (REM),GUADALUPE GARCIA MARTINEZ (REM),CISAALMA,3 AV NORTE ENTRE PASO DEL PALENQUE Y P LIMON,CENTRO - CD. HIDALGO,Suchiate,San Caralampio,30840,,Chiapas,"3 AV NORTE ENTRE PASO DEL PALENQUE Y P LIMON,Suchiate,San Caralampio,,Chiapas,30840",2187,49815,49815,,,,131
Pedido 444271,10/4/2026,A02018,GUADALUPE GARCIA MARTINEZ (REM),GUADALUPE GARCIA MARTINEZ (REM),CISAALMA,3 AV NORTE ENTRE PASO DEL PALENQUE Y P LIMON,CENTRO - CD. HIDALGO,Suchiate,San Caralampio,30840,,Chiapas,"3 AV NORTE ENTRE PASO DEL PALENQUE Y P LIMON,Suchiate,San Caralampio,,Chiapas,30840",2187,49815,49815,,,,131
Pedido 444272,10/4/2026,A02018,GUADALUPE GARCIA MARTINEZ (REM),GUADALUPE GARCIA MARTINEZ (REM),CISAALMA,3 AV NORTE ENTRE PASO DEL PALENQUE Y P LIMON,CENTRO - CD. HIDALGO,Suchiate,San Caralampio,30840,,Chiapas,"3 AV NORTE ENTRE PASO DEL PALENQUE Y P LIMON,Suchiate,San Caralampio,,Chiapas,30840",2187,49815,49815,,,,131
Pedido 444273,10/4/2026,A02018,GUADALUPE GARCIA MARTINEZ (REM),GUADALUPE GARCIA MARTINEZ (REM),CISAALMA,3 AV NORTE ENTRE PASO DEL PALENQUE Y P LIMON,CENTRO - CD. HIDALGO,Suchiate,San Caralampio,30840,,Chiapas,"3 AV NORTE ENTRE PASO DEL PALENQUE Y P LIMON,Suchiate,San Caralampio,,Chiapas,30840",1620,36900,36900,,,,131
Pedido 443111,14/3/2026,A02040,CORPORACION SANCHEZ,MACUSPANA,CISAALMA,"PASEO JOSE NARCISO ROVIROSA S/N, ESQ. NIÑOS HEROES",NICOLÁS BRAVO - MACUSPANA,Macuspana,Nicolás Bravo,86700,,Tabasco,"PASEO JOSE NARCISO ROVIROSA S/N, ESQ. NIÑOS HEROES,Macuspana,Nicolás Bravo,,Tabasco,86700","682,5",20493,20493,4502872376-MACUSPANA,,TABASCO,603
Pedido 443077,13/3/2026,A02040,CORPORACION SANCHEZ,MERCADO,CISAALMA,PRIMAVERA No 106,VILLAHERMOSA CENTRO - CENTRO,Centro,Villahermosa Centro,86000,Villahermosa,Tabasco,"PRIMAVERA No 106,Centro,Villahermosa Centro,Villahermosa,Tabasco,86000",279,7862,7862,4502869076-MERCADO,,TABASCO,603
Pedido 444073,8/4/2026,A02040,CORPORACION SANCHEZ,BODEGA FENIX,CISAALMA,AV ALUMINIO 207 H A UN COSTADO DE OFICINAS DE SANCHEZ,CD INDUSTRIAL-VILLAHERMOSA,Centro,Ciudad Industrial,86010,Villahermosa,Tabasco,"AV ALUMINIO 207 H A UN COSTADO DE OFICINAS DE SANCHEZ,Centro,Ciudad Industrial,Villahermosa,Tabasco,86010",30000,809150,809150,4502917872-fenix,CITA: MIERCOLES 15/04/2026  9:00 PM,TABASCO,603
Pedido 444128,8/4/2026,A02040,CORPORACION SANCHEZ,BODEGA FENIX,CISAALMA,AV ALUMINIO 207 H A UN COSTADO DE OFICINAS DE SANCHEZ,CD INDUSTRIAL-VILLAHERMOSA,Centro,Ciudad Industrial,86010,Villahermosa,Tabasco,"AV ALUMINIO 207 H A UN COSTADO DE OFICINAS DE SANCHEZ,Centro,Ciudad Industrial,Villahermosa,Tabasco,86010","29841,4",904712,904712,4502917873-fenix,CITA JUEVES 16/04/2026   2:30 PM,TABASCO,603
Pedido 444165,8/4/2026,A02040,CORPORACION SANCHEZ,BODEGA FENIX,CISAALMA,AV ALUMINIO 207 H A UN COSTADO DE OFICINAS DE SANCHEZ,CD INDUSTRIAL-VILLAHERMOSA,Centro,Ciudad Industrial,86010,Villahermosa,Tabasco,"AV ALUMINIO 207 H A UN COSTADO DE OFICINAS DE SANCHEZ,Centro,Ciudad Industrial,Villahermosa,Tabasco,86010",29904,1061100,1061100,4502917874-fenix,CITA VIERNES  17/04/2026  2:30 PM,TABASCO,603
Pedido 444177,8/4/2026,A02040,CORPORACION SANCHEZ,BODEGA FENIX,CISAALMA,AV ALUMINIO 207 H A UN COSTADO DE OFICINAS DE SANCHEZ,CD INDUSTRIAL-VILLAHERMOSA,Centro,Ciudad Industrial,86010,Villahermosa,Tabasco,"AV ALUMINIO 207 H A UN COSTADO DE OFICINAS DE SANCHEZ,Centro,Ciudad Industrial,Villahermosa,Tabasco,86010",30300,800700,800700,4502917875-fenix,CITA: LUNES 20/04/2026   5:30 AM,TABASCO,603
Pedido 444178,8/4/2026,A02040,CORPORACION SANCHEZ,BODEGA FENIX,CISAALMA,AV ALUMINIO 207 H A UN COSTADO DE OFICINAS DE SANCHEZ,CD INDUSTRIAL-VILLAHERMOSA,Centro,Ciudad Industrial,86010,Villahermosa,Tabasco,"AV ALUMINIO 207 H A UN COSTADO DE OFICINAS DE SANCHEZ,Centro,Ciudad Industrial,Villahermosa,Tabasco,86010",30045,769680,769680,4502917876-fenix,CITA DOMINGO 19/04/2026  9:00 PM,TABASCO,603
Pedido 443852,30/3/2026,A02040,CORPORACION SANCHEZ,FENIX COPRERA,CISAALMA,AV ALUMINIO NIO PROPORCIONARON DATOS,,,,,,,"AV ALUMINIO NIO PROPORCIONARON DATOS,,,,,",65280,1004103,931583,4502860434-fenix-coprera,CITA:  VIERNES 24/04/2026  7:00 AM 2 TRAILER,TABASCO,603
Pedido 443892,31/3/2026,A02040,CORPORACION SANCHEZ,FENIX COPRERA,CISAALMA,AV ALUMINIO NIO PROPORCIONARON DATOS,,,,,,,"AV ALUMINIO NIO PROPORCIONARON DATOS,,,,,",52320,936528,399528,4502902588-fenix coprera,CITA JUEVES 16/04/2026  7:00 AM,TABASCO,603
Pedido 444109,8/4/2026,A02106,TIENDAS LORES,TIENDAS LORES (TIERRA BLANCA 4),CISAALMA,CALLE DEL SOLDADO ENTRE ESQUINA LERDO Y FRANCISCO I MADERO,CENTRO - TIERRA BLANCA,Tierra Blanca,Tierra Blanca Centro,95100,Tierra Blanca,Veracruz,"CALLE DEL SOLDADO ENTRE ESQUINA LERDO Y FRANCISCO I MADERO,Tierra Blanca,Tierra Blanca Centro,Tierra Blanca,Veracruz,95100","1643,58","36771,4",500, ,,,101
Pedido 444112,8/4/2026,A02270,TIENDAS LORES,TIENDAS LORES (CATEMACO),CISAALMA,CALLE FRANCISCO I MADERO S/N ENTRE 2 DE ABRIL Y ESQ FRANCISCO I MADERO,CENTRO - CATEMACO,Catemaco,Los Carriles,95870,Catemaco,Veracruz,"CALLE FRANCISCO I MADERO S/N ENTRE 2 DE ABRIL Y ESQ FRANCISCO I MADERO,Catemaco,Los Carriles,Catemaco,Veracruz,95870","1099,1",24996,500, ,,LOS TUXTLAS,101
Pedido 444315,10/4/2026,A02542,COMPAÑIA MAYORISTA DE ABARROTES,TAPACHULA,CISAALMA,CEDROS KM 4 NO. 31-34-35 Y 36,ELEKTRA - TAPACHULA,Tapachula,Elektra,30798,Tapachula de Córdova y Ordóñez,Chiapas,"CEDROS KM 4 NO. 31-34-35 Y 36,Tapachula,Elektra,Tapachula de Córdova y Ordóñez,Chiapas,30798",20720,533900,533900,218550 TAPACHULA,PENDIENTE CITA,YUCATAN,604
Pedido 444066,8/4/2026,A02549,HOGAR SANTA ISABEL PARA ANCIANOS DESAMPARADOS,HOGAR SANTA ISABEL PARA ANCIANOS DESAMPARADOS INSTITUCION DE BENEFICENCIA PRIVADA,CISAALMA,AV COLON ORIENTE No 1922,CENTRO - ORIZABA,Orizaba,Orizaba Centro,94300,Orizaba,Veracruz,"AV COLON ORIENTE No 1922,Orizaba,Orizaba Centro,Orizaba,Veracruz,94300",49,950,950,*DONATIVO.,,ORIZABA,101
Pedido 444196,8/4/2026,A02598,HU-GAR AUTOSERVICIOS,HUGAR LA RIVERA,CISAALMA,CALLE LA RIVERA No 100,LA RIVERA - XICOTEPEC DE JUAREZ,Xicotepec,La Rivera,73080,Xicotepec,Puebla,"CALLE LA RIVERA No 100,Xicotepec,La Rivera,Xicotepec,Puebla,73080","433,8",9498,9498,,,VERACRUZ NORTE,172
Pedido 444197,8/4/2026,A02598,HU-GAR AUTOSERVICIOS,HUGAR CENTRO,CISAALMA,CALLE VICENTE SUAREZ No 107,CENTRO - XICOTEPEC DE JUAREZ,Xicotepec,Duraznotla,73080,Xicotepec,Puebla,"CALLE VICENTE SUAREZ No 107,Xicotepec,Duraznotla,Xicotepec,Puebla,73080",150,2900,2900,,,VERACRUZ NORTE,172
Pedido 444198,8/4/2026,A02598,HU-GAR AUTOSERVICIOS,HU GAR AUTOSERVICIOS LA CEIBA,CISAALMA,EMILIANO ZAPATA 9,CENTRO-VILLA AVILA CAMACHO,Xicotepec,Villa Avila Camacho (La Ceiba),73090,,Puebla,"EMILIANO ZAPATA 9,Xicotepec,Villa Avila Camacho (La Ceiba),,Puebla,73090",223,4640,4640,,,VERACRUZ NORTE,172
Pedido 444199,8/4/2026,A02598,HU-GAR AUTOSERVICIOS,HUGAR NUEVA,CISAALMA,CALLE PALMA SOLA 13,CENTRO-VILLA LAZARO CARDENAS,Venustiano Carranza,Villa Lázaro Cárdenas (La Uno),73049,,Puebla,"CALLE PALMA SOLA 13,Venustiano Carranza,Villa Lázaro Cárdenas (La Uno),,Puebla,73049",139,2880,2880,ENTREGAR VILLA LAZARO CARDENAS PUEBLA,,VERACRUZ NORTE,172
Pedido 444052,8/4/2026,A02607,OMAR CRUZ JULIAN,OMAR CRUZ JULIAN,CISAALMA,6TA CALLE OTE ESQUINA CON 5TA PRIV SUR No 30,CENTRO - TAPACHULA,Tapachula,Tapachula Centro,30700,Tapachula de Córdova y Ordóñez,Chiapas,"6TA CALLE OTE ESQUINA CON 5TA PRIV SUR No 30,Tapachula,Tapachula Centro,Tapachula de Córdova y Ordóñez,Chiapas,30700","1645,91","48121,06","48121,06",,,CHIAPAS  COSTA,131
Pedido 444053,8/4/2026,A02607,OMAR CRUZ JULIAN,OMAR CRUZ JULIAN,CISAALMA,6TA CALLE OTE ESQUINA CON 5TA PRIV SUR No 30,CENTRO - TAPACHULA,Tapachula,Tapachula Centro,30700,Tapachula de Córdova y Ordóñez,Chiapas,"6TA CALLE OTE ESQUINA CON 5TA PRIV SUR No 30,Tapachula,Tapachula Centro,Tapachula de Córdova y Ordóñez,Chiapas,30700","122,4",7704,7704,,,CHIAPAS  COSTA,131
Pedido 444051,8/4/2026,A02626,SUPER ABARROTES CASTILLEJOS,ABARROTES CASTILLEJOS,CISAALMA,AV CENTRAL SUR No 26 B,CENTRO - SAN FERNANDO,San Fernando,Paraíso,29120,,Chiapas,"AV CENTRAL SUR No 26 B,San Fernando,Paraíso,,Chiapas,29120","4627,2",77665,77665,,RECOBO DE 10:00 AM A4:00 PM,CHIAPAS CENTRO,249
Pedido 444116,8/4/2026,A02870,TIENDAS LORES,TIENDAS LORES (EMILIO CARRANZA),CISAALMA,5 DE MAYO No 58 ENTRE MIGUEL HIDALGO Y HOMBRES ILUSTRES,CENTRO - VEGA DE ALATORRE,Vega de Alatorre,Vega de Alatorre,93960,,Veracruz,"5 DE MAYO No 58 ENTRE MIGUEL HIDALGO Y HOMBRES ILUSTRES,Vega de Alatorre,Vega de Alatorre,,Veracruz,93960","212,8",5521,500, ,,VERACRUZ PUERTO,101
Pedido 444311,10/4/2026,A02878,TIENDAS CHEDRAUI,TEOLOYUCAN (0402),CISAALMA,FRACCION DEL LOTE 28 MZ 825 CARR CUATITLAN-ZUMPANGO,HACIENDA BEATRIZ - TEOLOYUCAN,Teoloyucan,Hacienda Beatriz,54770,,Estado de México,"FRACCION DEL LOTE 28 MZ 825 CARR CUATITLAN-ZUMPANGO,Teoloyucan,Hacienda Beatriz,,Estado de México,54770",13671,"252305,9","252305,9",OC 7503945587 CEDIS MEXICO,,EDO MEXICO,101
Pedido 444312,10/4/2026,A02878,TIENDAS CHEDRAUI,TEOLOYUCAN (0402),CISAALMA,FRACCION DEL LOTE 28 MZ 825 CARR CUATITLAN-ZUMPANGO,HACIENDA BEATRIZ - TEOLOYUCAN,Teoloyucan,Hacienda Beatriz,54770,,Estado de México,"FRACCION DEL LOTE 28 MZ 825 CARR CUATITLAN-ZUMPANGO,Teoloyucan,Hacienda Beatriz,,Estado de México,54770",621,18799,18799,OC 7503946007 CEDIS MEXICO,,EDO MEXICO,101
Pedido 444307,10/4/2026,A02878,TIENDAS CHEDRAUI,VILLAHERMOSA (0403),CISAALMA,COLINAS DE VILLAHERMOSA CTO DEL GOLFO KM 12.5 CARR MACUSPANA,HACIENDA CASA BLANCA - CENTRO,Centro,Hacienda Casa Blanca,86280,,Tabasco,"COLINAS DE VILLAHERMOSA CTO DEL GOLFO KM 12.5 CARR MACUSPANA,Centro,Hacienda Casa Blanca,,Tabasco,86280",4671,"86205,9","86205,9",OC 7503945588 CEDIS VILLAHERMOSA,,EDO MEXICO,101
Pedido 444308,10/4/2026,A02878,TIENDAS CHEDRAUI,VILLAHERMOSA (0403),CISAALMA,COLINAS DE VILLAHERMOSA CTO DEL GOLFO KM 12.5 CARR MACUSPANA,HACIENDA CASA BLANCA - CENTRO,Centro,Hacienda Casa Blanca,86280,,Tabasco,"COLINAS DE VILLAHERMOSA CTO DEL GOLFO KM 12.5 CARR MACUSPANA,Centro,Hacienda Casa Blanca,,Tabasco,86280",2592,77580,77580,OC 7037149199 CEDIS VILLAHERMOSA,,EDO MEXICO,101
Pedido 444309,10/4/2026,A02878,TIENDAS CHEDRAUI,VILLAHERMOSA (0403),CISAALMA,COLINAS DE VILLAHERMOSA CTO DEL GOLFO KM 12.5 CARR MACUSPANA,HACIENDA CASA BLANCA - CENTRO,Centro,Hacienda Casa Blanca,86280,,Tabasco,"COLINAS DE VILLAHERMOSA CTO DEL GOLFO KM 12.5 CARR MACUSPANA,Centro,Hacienda Casa Blanca,,Tabasco,86280",27000,498300,498300,OC 7503945588 CEDIS VILLAHERMOSA,20 TARIMAS,EDO MEXICO,101
Pedido 443941,2/4/2026,A03104,MARICELA ABARROTES,MARICELA ABARROTES,CISAALMA,20 DE NOVIEMBRE ESQUINA FRANCISCO VILLA 209,LAS TINAS - JALTIPAN DE MORELOS,Jáltipan,Las Tinas,96220,Jáltipan de Morelos,Veracruz,"20 DE NOVIEMBRE ESQUINA FRANCISCO VILLA 209,Jáltipan,Las Tinas,Jáltipan de Morelos,Veracruz,96220","2311,4",48691,48691,,RECIBO DE 8:00 AM A 6:00 PM,,226
Pedido 443942,2/4/2026,A03104,MARICELA ABARROTES,MARICELA ABARROTES,CISAALMA,20 DE NOVIEMBRE ESQUINA FRANCISCO VILLA 209,LAS TINAS - JALTIPAN DE MORELOS,Jáltipan,Las Tinas,96220,Jáltipan de Morelos,Veracruz,"20 DE NOVIEMBRE ESQUINA FRANCISCO VILLA 209,Jáltipan,Las Tinas,Jáltipan de Morelos,Veracruz,96220",1419,33117,33117,,RECIBO DE 8:00 AM A 6:00 PM,,226
Pedido 443943,2/4/2026,A03104,MARICELA ABARROTES,MARICELA ABARROTES,CISAALMA,20 DE NOVIEMBRE ESQUINA FRANCISCO VILLA 209,LAS TINAS - JALTIPAN DE MORELOS,Jáltipan,Las Tinas,96220,Jáltipan de Morelos,Veracruz,"20 DE NOVIEMBRE ESQUINA FRANCISCO VILLA 209,Jáltipan,Las Tinas,Jáltipan de Morelos,Veracruz,96220",22,783,783,promo 10% x cada 20 kg,RECIBO DE 8:00 AM A 6:00 PM,,226
Pedido 443944,2/4/2026,A03104,MARICELA ABARROTES,MARICELA ABARROTES,CISAALMA,20 DE NOVIEMBRE ESQUINA FRANCISCO VILLA 209,LAS TINAS - JALTIPAN DE MORELOS,Jáltipan,Las Tinas,96220,Jáltipan de Morelos,Veracruz,"20 DE NOVIEMBRE ESQUINA FRANCISCO VILLA 209,Jáltipan,Las Tinas,Jáltipan de Morelos,Veracruz,96220",44,"1824,68","1824,68",promo 10% x cada 10 bulto de 2 kg,RECIBO DE 8:00 AM A 6:00 PM,,226
Pedido 444120,8/4/2026,A03189,TIENDAS LORES,TIENDAS LORES (LOS NARANJOS),CISAALMA,CALLE SALVADOR DIAZ MIRON S/N,CENTRO - TRES VALLES,Tres Valles,Los Naranjos,95360,,Veracruz,"CALLE SALVADOR DIAZ MIRON S/N,Tres Valles,Los Naranjos,,Veracruz,95360","1050,8",22721,186, ,,TIERRA BLANCA,101
Pedido 444190,8/4/2026,A03195,GILBERTO SUAREZ ISLAS,GILBERTO SUAREZ ISLAS,CISAALMA,CALLE HERMANOS SERDAN No 3,CENTRO - VENUSTIANO CARRANZA,Venustiano Carranza,Venustiano Carranza,73040,,Puebla,"CALLE HERMANOS SERDAN No 3,Venustiano Carranza,Venustiano Carranza,,Puebla,73040",1250,22000,22000,ENTREGAR EN VILLA LAZARO CARDENAS PUEBLA N 74 CENT,,,172
Pedido 444191,8/4/2026,A03195,GILBERTO SUAREZ ISLAS,GILBERTO SUAREZ ISLAS,CISAALMA,CALLE HERMANOS SERDAN No 3,CENTRO - VENUSTIANO CARRANZA,Venustiano Carranza,Venustiano Carranza,73040,,Puebla,"CALLE HERMANOS SERDAN No 3,Venustiano Carranza,Venustiano Carranza,,Puebla,73040",3750,66000,66000,ENTREGAR EN VENUSTIANO CARRANZA PUEBLA,,,172
Pedido 444023,7/4/2026,A03219,COMERCIAL CITY FRESKO,CEDIS SECOS VALLEJO (280),CISAALMA,CALZADA VALLEJO No 980,INDUSTRIAL VALLEJO - AZCAPOTZALCO,Azcapotzalco,Industrial Vallejo,02300,Ciudad de México,Ciudad de México,"CALZADA VALLEJO No 980,Azcapotzalco,Industrial Vallejo,Ciudad de México,Ciudad de México,02300","990,0198","23740,2","23740,2",OC 26300984805 CEDIS VALLEJO,,EDO MEXICO,101
Pedido 444246,9/4/2026,A03244,ALMACENES EL TRIGO DORADO,ALMACENES EL TRIGO DORADO,CISAALMA,CARRETERA RIO SECO-SANTA ROSA,RIO SECO-CARDENAS,Cárdenas,Melchor Ocampo 2a Secc,86470,,Tabasco,"CARRETERA RIO SECO-SANTA ROSA,Cárdenas,Melchor Ocampo 2a Secc,,Tabasco,86470",6250,128125,128125,,RECIBO DE 8:00 AM A 4:00 PM,,200
Pedido 444122,8/4/2026,A03314,TIENDAS LORES,TIENDAS LORES (CARLOS A CARRILLO),CISAALMA,CALLE ARGENTINA S/N,CENTRO - CARLOS A CARILLO,Carlos A. Carrillo,Carlos A Carrillo Centro,95330,Carlos A. Carrillo,Veracruz,"CALLE ARGENTINA S/N,Carlos A. Carrillo,Carlos A Carrillo Centro,Carlos A. Carrillo,Veracruz,95330","1536,18","34200,4",500, ,,COSAMALOAPAN,101
Pedido 444121,8/4/2026,A03315,TIENDAS LORES,TIENDAS LORES (ALTO LUCERO),CISAALMA,CALLE ANTONIO SOSA No 35,CENTRO - ALTO LUCERO DE GUTIERREZ BARRIOS,Alto Lucero de Gutiérrez Barrios,Rancho Nuevo,91477,,Veracruz,"CALLE ANTONIO SOSA No 35,Alto Lucero de Gutiérrez Barrios,Rancho Nuevo,,Veracruz,91477",381,9262,500, ,,VERACRUZ PUERTO,101
Pedido 444249,9/4/2026,A03353,SUPER OUI DE SAN RAFAEL,SUPER OUI DE SAN RAFEL SA DE CV,CISAALMA,CALLE REVOLUCION No 108,CENTRO - SAN RAFAEL,San Rafael,San Rafael,93620,San Rafael,Veracruz,"CALLE REVOLUCION No 108,San Rafael,San Rafael,San Rafael,Veracruz,93620",256,5700,5700,,RECIBO DE 8:00 AM A 4:00 PM,,266
Pedido 444126,8/4/2026,A03406,TIENDAS LORES,TIENDAS LORES (RINCONADA),CISAALMA,AV INDEPENDENCIA No 236,CENTRO - RINCONADA,Emiliano Zapata,El Tepeyac,91634,,Veracruz,"AV INDEPENDENCIA No 236,Emiliano Zapata,El Tepeyac,,Veracruz,91634","944,2",20891,500, ,,VERACRUZ PUERTO,101
Pedido 443955,5/4/2026,A03407,JOAQUIN TRINIDAD JUAREZ ALVAREZ,JOAQUIN  TRINIDAD JUAREZ,CISAALMA,CARRETERA 195 TAPILULA PICHUCALCO,CENTRO - TAPILULA,Tapilula,Tapilula,29730,,Chiapas,"CARRETERA 195 TAPILULA PICHUCALCO,Tapilula,Tapilula,,Chiapas,29730",3360,91100,91100,,RECIBO DE 8:00 AM A 3:00 PM,,200
Pedido 444127,8/4/2026,A03479,TIENDAS LORES,TIENDAS LORES (TUXTEPEC JARDINES),CISAALMA,CARRETERA FEDERAL A OJITLAN 1,JARDINES DEL ARROYO - SAN JUAN BAUTISTA TUXTEPEC,San Juan Bautista Tuxtepec,Jardines del Arroyo,68340,San Juan Bautista Tuxtepec,Oaxaca,"CARRETERA FEDERAL A OJITLAN 1,San Juan Bautista Tuxtepec,Jardines del Arroyo,San Juan Bautista Tuxtepec,Oaxaca,68340","2348,3",52183,1242, ,,TUXTEPEC,101
Pedido 443442,23/3/2026,A03615,MERCADO TEPEACA,MERCADO TEPEACA SA DE CV,CISAALMA,CALLE MAXIMINO AVILA CAMACHO 101,EL SANTUARIO - TEPEACA,Tepeaca,San Miguel,75200,Tepeaca,Puebla,"CALLE MAXIMINO AVILA CAMACHO 101,Tepeaca,San Miguel,Tepeaca,Puebla,75200","2152,8",52508,52508,,,CIUDAD DE MÉXICO,253
Pedido 444129,8/4/2026,A03623,TIENDAS LORES,TIENDAS LORES (HACIENDA REAL),CISAALMA,BOULEVARD HACIENDA REAL LOTE 3 MZA 67,HACIENDA REAL - SAN JUAN BAUTISTA TUXTEPEC,San Juan Bautista Tuxtepec,5 de Febrero,68375,San Juan Bautista Tuxtepec,Oaxaca,"BOULEVARD HACIENDA REAL LOTE 3 MZA 67,San Juan Bautista Tuxtepec,5 de Febrero,San Juan Bautista Tuxtepec,Oaxaca,68375","792,4",17916,500, ,,TUXTEPEC,101
Pedido 444132,8/4/2026,A03702,TIENDAS LORES,TIENDAS LORES (ACATLAN DE PEREZ FIGUEROA),CISAALMA,CALLE FRANCISCO JAVIER MINA 156,CENTRO - ACATLAN DE PEREZ FIGUEROA,Acatlán de Pérez Figueroa,Luces de la Revolución,68420,,Oaxaca,"CALLE FRANCISCO JAVIER MINA 156,Acatlán de Pérez Figueroa,Luces de la Revolución,,Oaxaca,68420","1197,28","27767,4",500, ,,,101
Pedido 444069,8/4/2026,A03715,RESIDENCIA EMAUS,RESIDENCIA EMAUS,CISAALMA,CALZADA EMAUS 4609,PUEBLO QUIETO CORDOBA,Córdoba,Pueblo Quieto,94557,Córdoba,Veracruz,"CALZADA EMAUS 4609,Córdoba,Pueblo Quieto,Córdoba,Veracruz,94557",49,915,915,*DONATIVO.,,,101
Pedido 444133,8/4/2026,A03792,TIENDAS LORES,TIENDAS LORES (OMEALCA),CISAALMA,"AVENIDA ZARAGOZA ZONA 06, REGION 01 MZA 021 LOTE 026",CENTRO - OMEALCA,Omealca,Las Palmas,94900,,Veracruz,"AVENIDA ZARAGOZA ZONA 06, REGION 01 MZA 021 LOTE 026,Omealca,Las Palmas,,Veracruz,94900","214,6",5313,500, ,,,101
Pedido 443921,1/4/2026,A03823,ARTURO ANTONINO HERNANDEZ ALCANTARA,ARTURO ANTONINO HERNANDEZ ALCANTARA,CISAALMA,AVENIDA ORIENTE 9 #476 ENTRE NORTE 8 Y NORTE 10,CENTRO ORIZABA,Orizaba,Orizaba Centro,94300,Orizaba,Veracruz,"AVENIDA ORIENTE 9 #476 ENTRE NORTE 8 Y NORTE 10,Orizaba,Orizaba Centro,Orizaba,Veracruz,94300",1800,36000,7200,*TARJETA.,,,154
Pedido 444250,9/4/2026,A03825,ABASTECEDORA LA UNICA AJGE,ABASTESEDORA LA UNICA,CISAALMA,CALLE 12 DE OCTUBRE No 42,CENTRO - VILLA LAZARO CARDENAS,Venustiano Carranza,Villa Lázaro Cárdenas,73049,,Puebla,"CALLE 12 DE OCTUBRE No 42,Venustiano Carranza,Villa Lázaro Cárdenas,,Puebla,73049",3260,"59922,16","59922,16",,,,172
Pedido 444251,9/4/2026,A03825,ABASTECEDORA LA UNICA AJGE,ABASTESEDORA LA UNICA,CISAALMA,CALLE 12 DE OCTUBRE No 42,CENTRO - VILLA LAZARO CARDENAS,Venustiano Carranza,Villa Lázaro Cárdenas,73049,,Puebla,"CALLE 12 DE OCTUBRE No 42,Venustiano Carranza,Villa Lázaro Cárdenas,,Puebla,73049",4,"136,416","136,416",DOS BULTOS SIN CARGO DE DOS KILOS 20 EN 1 DE 2 KIL,,,172
Pedido 444313,10/4/2026,A03969,ECONOSUPER DEL CENTRO,ECONO SUPER DEL CENTRO,CISAALMA,CALLE REFORMA No 113,CENTRO - XICOTEPEC DE JUAREZ,Xicotepec,Duraznotla,73080,Xicotepec,Puebla,"CALLE REFORMA No 113,Xicotepec,Duraznotla,Xicotepec,Puebla,73080",294,"6931,648","6931,648",,,,172
Pedido 444200,8/4/2026,A03969,ECONOSUPER DEL CENTRO,ECONO SUPER DEL CENTRO,CISAALMA,CALLE REFORMA No 113,CENTRO - XICOTEPEC DE JUAREZ,Xicotepec,Duraznotla,73080,Xicotepec,Puebla,"CALLE REFORMA No 113,Xicotepec,Duraznotla,Xicotepec,Puebla,73080",3195,70491,70491,,,,172
Pedido 444140,8/4/2026,A04072,TIENDAS LORES,TIENDAS LORES (ANTON LIZARDO),CISAALMA,CALLE 5 DE MAYO No 3-B,CENTRO - ANTON LIZARDO,Alvarado,Instituto Oceanográfico Del Golfo y Mar Caribe,95269,,Veracruz,"CALLE 5 DE MAYO No 3-B,Alvarado,Instituto Oceanográfico Del Golfo y Mar Caribe,,Veracruz,95269","242,36","6944,2",500, ,,,101
Pedido 444299,10/4/2026,A04214,MAYCOT ALVAREZ WADE,MAYCOT ALVAREZ WADE,CISAALMA,CARR. TEAPA PICHUCALCO KM. 2 SN,MARIANO ABASOLO-TEAPA,Teapa,El Guanal,86805,,Tabasco,"CARR. TEAPA PICHUCALCO KM. 2 SN,Teapa,El Guanal,,Tabasco,86805",3000,45900,45900,,RECIBO DE 8:00 AM A 3:00 PM,TABASCO,200
Pedido 444142,8/4/2026,A04220,TIENDAS LORES,TIENDAS LORES (TLACOTALPAN),CISAALMA,AV VENUSTIANO CARRANZA ESQ CALLE MIGUEL NEGRETE No 21,TLACOTALPAN - VERACRUZ,Tlacotalpan,Tlacotalpan,95460,,Veracruz,"AV VENUSTIANO CARRANZA ESQ CALLE MIGUEL NEGRETE No 21,Tlacotalpan,Tlacotalpan,,Veracruz,95460","2348,8",51511,500, ,,,101
Pedido 444143,8/4/2026,A04264,TIENDAS LORES,TIENDAS LORES (TRES VALLES SEGURO SOCIAL),CISAALMA,BLVD ALVARO OBREGON,3 VALLES CENTRO - TRES VALLES,Tres Valles,3 Valles Centro,95300,Tres Valles,Veracruz,"BLVD ALVARO OBREGON,Tres Valles,3 Valles Centro,Tres Valles,Veracruz,95300","2305,38","51321,8",1428, ,,TIERRA BLANCA,101
Pedido 444144,8/4/2026,A04299,TIENDAS LORES,TIENDAS LORES (OTATITLAN),CISAALMA,CALLE SALVADOR DIAZ MIRON NUM 4,CENTRO - VERACRUZ,Otatitlán,Otatitlan,95500,,Veracruz,"CALLE SALVADOR DIAZ MIRON NUM 4,Otatitlán,Otatitlan,,Veracruz,95500",519,12214,500, ,,,101
Pedido 443981,6/4/2026,A04336,UBALDO ROBLERO BRAVO (REM),UBALDO ROBLERO BRAVO,CISAALMA,CALLE CEDRO POR EL LETRERO DEL SAPITO No 814,CENTRO - CARDENAS,Cárdenas,Cárdenas Centro,86500,Cárdenas,Tabasco,"CALLE CEDRO POR EL LETRERO DEL SAPITO No 814,Cárdenas,Cárdenas Centro,Cárdenas,Tabasco,86500",18000,333000,333000,,entregar remision a la vendedora----RECIBO DE 8:00 AM A 3:00 PM,TABASCO,200
Pedido 444145,8/4/2026,A04337,TIENDAS LORES,TIENDAS LORES (OASIS),CISAALMA,CALLE PASEO OASIS No 485,OASIS - VERACRUZ,Veracruz,Oasis,91808,Veracruz,Veracruz,"CALLE PASEO OASIS No 485,Veracruz,Oasis,Veracruz,Veracruz,91808","319,78","8114,8",500, ,,VERACRUZ NORTE,101
Pedido 443720,27/3/2026,A04340,ROBERT MARIN ULBARAN GONZALEZ,ROBERT MARIN ULBARAN GONZALEZ,CISAALMA,CARRETERA CARDENAS COATZACOALCOS KM CP8,CARRETERA CARDENAS COATZACOALCOS KM CP8,Huimanguillo,Zapotal 4ta Sección (Zapotalito),86414,,Tabasco,"CARRETERA CARDENAS COATZACOALCOS KM CP8,Huimanguillo,Zapotal 4ta Sección (Zapotalito),,Tabasco,86414",5400,104718,104718,,RECIBO DE 8:00 AM A 5:00 PM,TABASCO,200
Pedido 443995,6/4/2026,A04342,EDUARDO ALONSO GARCIA VIVEROS,EDUARDO ALONSO GARCIA VIVEROS,CISAALMA,CALLE 4 No. 103 C,FORTÍN DE LAS FLORES CENTRO - FORTÍN,Fortín,Fortín de las Flores Centro,94470,Fortín de las Flores,Veracruz,"CALLE 4 No. 103 C,Fortín,Fortín de las Flores Centro,Fortín de las Flores,Veracruz,94470",300,4550,3990,*cte recoge.,,CORDOBA,154
Pedido 443920,1/4/2026,A04342,EDUARDO ALONSO GARCIA VIVEROS,EDUARDO ALONSO GARCIA VIVEROS,CISAALMA,CALLE 4 No. 103 C,FORTÍN DE LAS FLORES CENTRO - FORTÍN,Fortín,Fortín de las Flores Centro,94470,Fortín de las Flores,Veracruz,"CALLE 4 No. 103 C,Fortín,Fortín de las Flores Centro,Fortín de las Flores,Veracruz,94470",300,4525,4525,*cte recoge.,,CORDOBA,154
Pedido 444088,8/4/2026,A04358,TIENDAS LORES,TIENDAS LORES (PROLONGACION INDEPENDENCIA),CISAALMA,AV PROLONGACION INDEPENDENCIA S/N ESQ CALLE 3,OAXACA - SAN JUAN BAUTISTA,San Juan Bautista Tuxtepec,Oaxaca,68373,San Juan Bautista Tuxtepec,Oaxaca,"AV PROLONGACION INDEPENDENCIA S/N ESQ CALLE 3,San Juan Bautista Tuxtepec,Oaxaca,San Juan Bautista Tuxtepec,Oaxaca,68373","786,36","19200,2",500, ,,TUXTEPEC,101
Pedido 443923,1/4/2026,A04374,PROFESIONALES EN COMIDAS INDUSTRIALES,PROFESIONALES EN COMIDAS INDUSTRIALES,CISAALMA,CALLE 20 SUR NUM 4103,EL MIRADOR-PUEBLA,Puebla,El Mirador,72530,Puebla (Heroica Puebla),Puebla,"CALLE 20 SUR NUM 4103,Puebla,El Mirador,Puebla (Heroica Puebla),Puebla,72530","7628,7",151950,151950,*DESC COMERC -2%- CITA 13ABR 8AM.,CITA 20/04/2026   8:00 AM,PUEBLA,154
Pedido 444147,8/4/2026,A04380,TIENDAS LORES,TIENDAS LORES (ISLA 2),CISAALMA,AV FLORES MAGON S/N,CENTRO - ISLA,Isla,Isla Centro,95640,Isla,Veracruz,"AV FLORES MAGON S/N,Isla,Isla Centro,Isla,Veracruz,95640","1548,18","35011,4",500, ,,TUXTEPEC,101
Pedido 444180,8/4/2026,A04395,FUNDACION DE BENEFICENCIA PRIVADA BANCO DE ALIMENTOS CARITAS PUEBLA,FUNDACION DE BENEFICENCIA PRIVADA BANCO DE ALIMENTOS CARITAS PUEBLA,CISAALMA,CALLE CAMINO VIEJO A TLAXCALA NUM 209,SN FCO OCOTLAN-CORONANGO,Coronango,San Francisco Ocotlán,72680,,Puebla,"CALLE CAMINO VIEJO A TLAXCALA NUM 209,Coronango,San Francisco Ocotlán,,Puebla,72680",500,9250,9250,*DONATIVO.,,PUEBLA,101
Pedido 443945,2/4/2026,A04446,MIGUEL ANGEL DE LA CRUZ DOMINGUEZ (REM),MIGUEL ANGEL DE LA CRUZ DOMINGUEZ (REM),CISAALMA,20 DE NOVIEMBRE 312,LAS TINAS JALTIPAN,Jáltipan,Las Tinas,96220,Jáltipan de Morelos,Veracruz,"20 DE NOVIEMBRE 312,Jáltipan,Las Tinas,Jáltipan de Morelos,Veracruz,96220",3100,80735,80735,entrega en la bodega de Maricela,RECIBO DE 8:00 AM A 6:00 PM,TABASCO,226
Pedido 443956,5/4/2026,A04483,LUIS FERNANDO VENTURA ALVAREZ,LUIS FERNANDO VENTURA ALVAREZ,CISAALMA,CALLE LA FLORESTA INT CENTRAL D BOD 6,LA FLORESTA-TUXTLA GUTIERREZ,Tuxtla Gutiérrez,La Floresta,29045,Tuxtla Gutiérrez,Chiapas,"CALLE LA FLORESTA INT CENTRAL D BOD 6,Tuxtla Gutiérrez,La Floresta,Tuxtla Gutiérrez,Chiapas,29045",1000,20625,20625,,RECIBO DE 7:00 AM A 10:00 AM,CHIAPAS COSTA,249
Pedido 444150,8/4/2026,A04506,TIENDAS LORES,TIENDAS LORES (TIERRA BLANCA 7),CISAALMA,CALLE JOSEFA ORTIZ DE DOMINGUEZ NUM 122,SANTA LUCRECIA-TIERRA BLANCA,Tierra Blanca,Santa Lucrecia,95170,Tierra Blanca,Veracruz,"CALLE JOSEFA ORTIZ DE DOMINGUEZ NUM 122,Tierra Blanca,Santa Lucrecia,Tierra Blanca,Veracruz,95170","802,66","19565,2",1000, ,,TIERRA BLANCA,101
Pedido 444151,8/4/2026,A04520,TIENDAS LORES,TIENDAS LORES (TIERRA BLANCA 6),CISAALMA,CALLE PORFIRIO DIAZ NUM 502,TORREON TIERRA BLANCA,Tierra Blanca,Torreón,95120,Tierra Blanca,Veracruz,"CALLE PORFIRIO DIAZ NUM 502,Tierra Blanca,Torreón,Tierra Blanca,Veracruz,95120",811,18744,1000, ,,TIERRA BLANCA,101
Pedido 444152,8/4/2026,A04532,TIENDAS LORES,TIENDAS LORES (SANTIAGO TUXTLA 2),CISAALMA,CALLE PROLONGACION LOS LIBRES ESQ. CALLE ORO NUM 535,PEDREGAL SANTIAGO TUXTLA,Santiago Tuxtla,Pedregal,95833,Santiago Tuxtla,Veracruz,"CALLE PROLONGACION LOS LIBRES ESQ. CALLE ORO NUM 535,Santiago Tuxtla,Pedregal,Santiago Tuxtla,Veracruz,95833",305,7058,500, ,,LOS TUXTLAS,101
Pedido 444153,8/4/2026,A04546,TIENDAS LORES,TIENDAS LORES (TRES VALLES LAS ABEJAS),CISAALMA,CALLE EMILIANO ZAPATA NUM 530,TRES VALLES CENTRO,Tres Valles,3 Valles Centro,95300,Tres Valles,Veracruz,"CALLE EMILIANO ZAPATA NUM 530,Tres Valles,3 Valles Centro,Tres Valles,Veracruz,95300",843,18617,500, ,,TIERRA BLANCA,101
Pedido 444323,7/4/2026,A04550,ABARROTES LA VIOLETA,ABARROTES LA VIOLETA,CISAALMA,CALLE SALVADOR AZUELA NUM 210,ELIAS PEREZ AVALOS-MORELIA,Morelia,Elias Perez Avalos,58218,Morelia,Michoacán,"CALLE SALVADOR AZUELA NUM 210,Morelia,Elias Perez Avalos,Morelia,Michoacán,58218",4963,206220,206220,,,,253
Pedido 444071,8/4/2026,A04621,FORTALEZA Y VIDA PARA TI,FORTALEZA Y VIDA PARA TI,CISAALMA,AV. REVOLUCION NUM 614,CENTRO-BOCA DEL RIO,Boca del Río,Boca del Río Centro,94290,Boca del RÍo,Veracruz,"AV. REVOLUCION NUM 614,Boca del Río,Boca del Río Centro,Boca del RÍo,Veracruz,94290",10,210,210,*DONATIVO.,,VERACRUZ PUERTO,101
Pedido 444156,8/4/2026,A04623,TIENDAS LORES,TIENDAS LORES (VILLA URSULO GALVAN),CISAALMA,CALLE MIGUEL ALEMAN 535,VILLA URSULO GALVAN-URSULO GALVAN,Ursulo Galván,Villa Úrsulo Galvan,91667,,Veracruz,"CALLE MIGUEL ALEMAN 535,Ursulo Galván,Villa Úrsulo Galvan,,Veracruz,91667","355,9",7514,500, ,,,101
Pedido 444159,8/4/2026,A04667,TIENDAS LORES,TIENDAS LORES ISLA 3,CISAALMA,AV RAUL SANDOVAL 23,ISLA CENTRO-ISLA,Isla,Isla Centro,95640,Isla,Veracruz,"AV RAUL SANDOVAL 23,Isla,Isla Centro,Isla,Veracruz,95640","1948,3",44030,500, ,,LOMA BONITA,101
Pedido 443893,31/3/2026,A04672,RAUL FLORES SILVA (REM),RAUL FLORES SILVA (REM),CISAALMA,NAVE 2 BODEGA 9 CENTRAL DE AB,CARRIZAL-VILLAHERMOSA,Centro,Carrizal,86108,Villahermosa,Tabasco,"NAVE 2 BODEGA 9 CENTRAL DE AB,Centro,Carrizal,Villahermosa,Tabasco,86108",1470,45864,45864,,RECIBO DE 7:00 AM A 3:00 PM,,200
Pedido 444160,8/4/2026,A04680,TIENDAS LORES,TIENDAS LORES CARRILLO 2,CISAALMA,BLVD MIGUEL ALEMAN NUM 346,PAPELERA-CARLOS A CARRILLO,Carlos A. Carrillo,Papelera,95342,Carlos A. Carrillo,Veracruz,"BLVD MIGUEL ALEMAN NUM 346,Carlos A. Carrillo,Papelera,Carlos A. Carrillo,Veracruz,95342","1648,78","35955,4",500, ,,COSAMALOAPAN,101
Pedido 444161,8/4/2026,A04684,TIENDAS LORES,TIENDAS LORES JAMAPA,CISAALMA,AV. ORIENTE 1 LOTE 7-A MZA 7,JAMAPA,Jamapa,Jamapa,94260,,Veracruz,"AV. ORIENTE 1 LOTE 7-A MZA 7,Jamapa,Jamapa,,Veracruz,94260","526,1",12329,500, ,,PIEDRAS NEGRAS,101
Pedido 444162,8/4/2026,A04694,TIENDAS LORES,TIENDAS LORES LERDO DE TEJADA 2,CISAALMA,CARR FEDERAL VERACRUZ NUM 281,CENTRO-LERDO DE TEJADA,Lerdo de Tejada,Lerdo de Tejada Centro,95280,Lerdo de Tejada,Veracruz,"CARR FEDERAL VERACRUZ NUM 281,Lerdo de Tejada,Lerdo de Tejada Centro,Lerdo de Tejada,Veracruz,95280","695,08","15865,4",500, ,,LOS TUXTLAS,101
Pedido 444181,7/4/2026,A04725,SERGIO CANAVATI GONZALEZ,SERGIO CANAVATI GONZALEZ,CISAALMA,CALLE RIO ORINOCO 410,SAN PEDRO GARZA-NUEVO LEON,San Pedro Garza García,Del Valle,66220,San Pedro Garza García,Nuevo León,"CALLE RIO ORINOCO 410,San Pedro Garza García,Del Valle,San Pedro Garza García,Nuevo León,66220",1000,26280,26280,*RECIBO DE 8AM- 5PM.,,NUEVO LEON,154
Pedido 443924,1/4/2026,A04762,GELATINAS Y CONGELADOS RA CORONA,GELATINAS Y CONGELADOS RA CORONA,CISAALMA,CALLE ORIENTE 27 NUM 573,SAN CARLOS-ORIZABA,Orizaba,Empleados Moctezuma,94320,Orizaba,Veracruz,"CALLE ORIENTE 27 NUM 573,Orizaba,Empleados Moctezuma,Orizaba,Veracruz,94320",1750,34500,34500,*TARJETA.,,ORIZABA,154
Pedido 444163,8/4/2026,A04821,TIENDAS LORES,TIENDAS LORES GABINO,CISAALMA,AV ADOLFO LOPEZ MATEOS LOTE 9,CENTRO-GABINO,Cosamaloapan de Carpio,Gabino Barreda,95429,,Veracruz,"AV ADOLFO LOPEZ MATEOS LOTE 9,Cosamaloapan de Carpio,Gabino Barreda,,Veracruz,95429","1660,4",37078,1000, ,,COSAMALOAPAN,101
Pedido 444166,8/4/2026,A04840,TIENDAS LORES,TIENDAS LORES RODRIGUEZ CLARA 2,CISAALMA,BOULEVARD SR SALVADOR NAVARRETE GOMEZ NUM 42,BENITO JUAREZ-RODRIGUEZ CLARA,Juan Rodríguez Clara,Benito Juárez,95300,Juan Rodríguez Clara,Veracruz,"BOULEVARD SR SALVADOR NAVARRETE GOMEZ NUM 42,Juan Rodríguez Clara,Benito Juárez,Juan Rodríguez Clara,Veracruz,95300","1284,3",29162,1242, ,,LOMA,101
Pedido 444065,6/4/2026,A04877,KARINA MELGAREJO GONZALEZ (REM),KARINA MELGAREJO GONZALEZ (REM),CISAALMA,JUAREZ 102 MISANTLA,CENTRO-MISANTLA,Misantla,Misantla Centro,93820,,Veracruz,"JUAREZ 102 MISANTLA,Misantla,Misantla Centro,,Veracruz,93820",1850,33375,33375,,,VERACRUZ NORTE,266
Pedido 444169,8/4/2026,A04915,TIENDAS LORES,TIENDAS LORES (PUENTE DE JULA),CISAALMA,CARR. FEDERAL XALAPA-VERACRUZ 6,PUENTE DE JULA-PASO DE OVEJAS,Paso de Ovejas,Puente de Jula,91674,,Veracruz,"CARR. FEDERAL XALAPA-VERACRUZ 6,Paso de Ovejas,Puente de Jula,,Veracruz,91674",702,15379,500, ,,XALAPA,101
Pedido 444195,8/4/2026,A04919,MARTHA HUERTA ARROYO (REM),MARTHA HUERTA ARROYO (REM),CISAALMA,AV LAZARO CARDENAS NUM 325 E ZAPATA,AVILA CAMACHO-MPIO XICOTEPEC,Xicotepec,Villa Avila Camacho (La Ceiba),73090,,Puebla,"AV LAZARO CARDENAS NUM 325 E ZAPATA,Xicotepec,Villa Avila Camacho (La Ceiba),,Puebla,73090",380,7920,7920,SE ENTREGA EN AVILA CAMACHO PUEBLA,,VERACRUZ NORTE,172
Pedido 443983,6/4/2026,A04962,SEMILLAS DIAZ DE LEON,SEMILLAS DIAZ DE LEON,MATPRIMA,CALLE LUIS DE LA ROSA OTEIZA 10,EL SITIO-ZACATECAS,Pinos,El Sitio,98970,,Zacatecas,"CALLE LUIS DE LA ROSA OTEIZA 10,Pinos,El Sitio,,Zacatecas,98970",200000,500000,500000,*cte recoge.,,ZACATECAS,154
Pedido 443977,6/4/2026,A05016,PERFIL ECONOMICO TOTAL,PERFIL ECONOMICO TOTAL,CISAALMA,14 EXT 315 INT 5,SAN JOSE-CORDOBA,Córdoba,San José,94560,Córdoba,Veracruz,"14 EXT 315 INT 5,Córdoba,San José,Córdoba,Veracruz,94560",1000,17200,17200,*cte recoge.,,CORDOBA,101
Pedido 444173,8/4/2026,A05024,TIENDAS LORES,TIENDAS LORES SAN ANDRES 3 (SIHUAPAN),CISAALMA,AV INDEPENDENCIA SN,SIHUAPAN CENTRO-SAN ANDRES TUXTLA,San Andrés Tuxtla,Sihuapan Centro,95810,Sihuapan,Veracruz,"AV INDEPENDENCIA SN,San Andrés Tuxtla,Sihuapan Centro,Sihuapan,Veracruz,95810",489,12840,928, ,,LOS TUXTLAS,101
Pedido 444036,7/4/2026,A05030,ONUS COMERCIAL,M308 – CM Tuxtla 5ª Norte,CISAALMA,Avenida 5ª Norte No.524,BARRIO COLON-TUXTLA GUTIERREZ,Tuxtla Gutiérrez,Tuxtla Gutiérrez Centro,29000,Tuxtla Gutiérrez,Chiapas,"Avenida 5ª Norte No.524,Tuxtla Gutiérrez,Tuxtla Gutiérrez Centro,Tuxtla Gutiérrez,Chiapas,29000",328,"10821,9","10821,9",OC CARNE MART 5TA NORTE,TRANSBORDO,,101
Pedido 444212,9/4/2026,A05030,ONUS COMERCIAL,M371 – CM Villahermosa Cd. Industrial,CISAALMA,"Blvd. Industria Nacional Mexicana #202, Indeco Ciudad Industrial",CIUDAD INDUSTRIAL-VILLAHERMOSA,Centro,Villahermosa Centro,86000,Villahermosa,Tabasco,"Blvd. Industria Nacional Mexicana #202, Indeco Ciudad Industrial,Centro,Villahermosa Centro,Villahermosa,Tabasco,86000",163,"5100,76","5100,76",suc.M371 CARNETMART INDUSTRIAL,TRANSBORDO,,101
Pedido 444018,7/4/2026,A05030,ONUS COMERCIAL,M240 – CM Villahermosa Usumacinta,CISAALMA,Paseo Usumacinta No. 111 Col. 1ro de Mayo C.P.86190,1RO DE MAYO-VILLAHERMOSA,Centro,Primero de Mayo,86190,Villahermosa,Tabasco,"Paseo Usumacinta No. 111 Col. 1ro de Mayo C.P.86190,Centro,Primero de Mayo,Villahermosa,Tabasco,86190","599,25","18390,6","18390,6",CARNEMART USUMACINTA,TRANSBORDO,,101
Pedido 443387,20/3/2026,A05030,ONUS COMERCIAL,M214 – CM Minatitlán Lerdo,CISAALMA,Sebastián Lerdo de Tejada 16,CENTRO-MINATITLAN,Minatitlán,Minatitlan Centro,96700,Minatitlán,Veracruz,"Sebastián Lerdo de Tejada 16,Minatitlán,Minatitlan Centro,Minatitlán,Veracruz,96700","182,25",5163,5163,,TRANSBORDO,,226
Pedido 443451,24/3/2026,A05030,ONUS COMERCIAL,CMT Chiapas Tapachula Mercado II,CISAALMA,"10 A, Ave. Norte #12",,,,,,,"10 A, Ave. Norte #12,,,,,",264,"5836,32","5836,32",OC ONUS MERCADO TAPACHULA,TRANSBORDO,,101
Pedido 444174,8/4/2026,A05032,TIENDAS LORES,TIENDAS LORES TEJERIA,CISAALMA,AV 6 NUM 2 LOTE 7,DOS LOMAS-TEJERIA,Veracruz,2 Lomas,91697,,Veracruz,"AV 6 NUM 2 LOTE 7,Veracruz,2 Lomas,,Veracruz,91697","319,96","8031,2",500, ,,VERACRUZ PUERTO,101
Pedido 444012,6/4/2026,A05051,SERVI-DISTRIBUCIONES DE OAXACA,SERVI-DISTRIBUCIONES DE OAXACA,CISAALMA,MISION DE LA SOLEDAD,SAN MARTIN-OAXACA DE JUAREZ,Oaxaca de Juárez,Netzahualcoyotl,68140,Oaxaca de Juárez,Oaxaca,"MISION DE LA SOLEDAD,Oaxaca de Juárez,Netzahualcoyotl,Oaxaca de Juárez,Oaxaca,68140",13220,284760,10850,,,CIUDAD DE MÉXICO,138
Pedido 443348,19/3/2026,A05052,ANGEL JHONATAN ALVARADO RIBON (REM),ANGEL JHONATAN ALVARADO RIBON (REM),CISAALMA,A CANABEL 1RA SECC SN,CENTRO-TABASCO,Centro,Miguel Hidalgo 1a Secc,86103,Villahermosa,Tabasco,"A CANABEL 1RA SECC SN,Centro,Miguel Hidalgo 1a Secc,Villahermosa,Tabasco,86103",40,600,600,,ACORDAR CON LA VENDEDORA PUNTO DE ENTREGA,TABASCO,200
Pedido 444248,9/4/2026,A05107,GERARDO  GALVAN Y HERNANDEZ LA UNION (REM),GERARDO GALVAN Y HDEZ LA UNION(REM),CISAALMA,CALLE BENITO JUAREZ 203,CENTRO-MISANTLA,Misantla,Misantla Centro,93821,,Veracruz,"CALLE BENITO JUAREZ 203,Misantla,Misantla Centro,,Veracruz,93821","2052,8",39002,39002,,,XALAPA,266
Pedido 443730,28/3/2026,B00010,ABARROTES LOO,ABARROTES LOO SA DE CV MATRIZ,CISAALMA,LIBRAMIENTO SUR CALLE MARIO LOPEZ PORTILLO,FRENTE AL FRCC BUENOS AIRES - TAPACHULA,Tapachula,Elektra,30798,Tapachula de Córdova y Ordóñez,Chiapas,"LIBRAMIENTO SUR CALLE MARIO LOPEZ PORTILLO,Tapachula,Elektra,Tapachula de Córdova y Ordóñez,Chiapas,30798",220,"7377,6","7377,6",PROM BTS DE 2 KG,,CHIAPAS  COSTA,131
Pedido 444040,7/4/2026,B00011,ABARROTES MONTERREY,ABARROTES MONTERREY CEDIS,CISAALMA,HELIO S N 2A ETAPA CD INDUSTRIAL,,Centro,Ciudad Industrial,86010,Villahermosa,Tabasco,"HELIO S N 2A ETAPA CD INDUSTRIAL,Centro,Ciudad Industrial,Villahermosa,Tabasco,86010",27859,718070,718070,,Favor surtir 15 de Abril Cedis,TABASCO,605
Pedido 444041,7/4/2026,B00011,ABARROTES MONTERREY,ABARROTES MONTERREY CEDIS,CISAALMA,HELIO S N 2A ETAPA CD INDUSTRIAL,,Centro,Ciudad Industrial,86010,Villahermosa,Tabasco,"HELIO S N 2A ETAPA CD INDUSTRIAL,Centro,Ciudad Industrial,Villahermosa,Tabasco,86010",2600,64350,64350,,Favor entregar 15 de Abril Cedis,TABASCO,605
Pedido 442775,9/3/2026,B00012,ABARROTES RIKOZA,ABARROTES RIKOZA,CISAALMA,CIRCUITO INTERIOR ORIENTE 13 CG,CENTRAL DE ABASTOS  - PUEBLA,Puebla,Central de Abastos,72019,Puebla (Heroica Puebla),Puebla,"CIRCUITO INTERIOR ORIENTE 13 CG,Puebla,Central de Abastos,Puebla (Heroica Puebla),Puebla,72019",292,"6893,8","6893,8",OC 2455032,,PUEBLA,253
Pedido 443729,28/3/2026,B00041,REGULO FLORES VASQUEZ,FLORES VASQUEZ REGULO (MATRIZ),CISAALMA,CARRTERA VILLA DEL MAR KM 15,AGUA DULCE - ARRIAGA,Arriaga,Arriaga Centro,30450,Arriaga,Chiapas,"CARRTERA VILLA DEL MAR KM 15,Arriaga,Arriaga Centro,Arriaga,Chiapas,30450",66,"2947,56","2947,56",3 PAQ DE PROM,,,131
Pedido 444184,8/4/2026,B00049,JUGOS Y BASICOS DE LA COSTA,JUGOS Y BASICOS DE LA COSTA S.A. DE C.V.,CISAALMA,25A CALLE PONIENTE ENTRE 2A Y AV NORTE S/N,5 DE FEBRERO - TAPACHULA,Tapachula,5 de Febrero,30710,Tapachula de Córdova y Ordóñez,Chiapas,"25A CALLE PONIENTE ENTRE 2A Y AV NORTE S/N,Tapachula,5 de Febrero,Tapachula de Córdova y Ordóñez,Chiapas,30710",30000,626480,626480,*-2% DESC COMERCIAL. Entregar Miercoles15abr., CITA MIERCOLES 15/04/2026,CHIAPAS COSTA,154
Pedido 444050,7/4/2026,B00056,MINI ABASTOS,MINI ABASTOS SA DE CV,CISAALMA,MORELOS,SAMARITANA - STA MARIA ATZOMPA,Santa María Atzompa,Residencial Denali,71222,,Oaxaca,"MORELOS,Santa María Atzompa,Residencial Denali,,Oaxaca,71222",7200,146500,46400,OFC-273076,CEDIS OAXACA,,138
Pedido 443997,6/4/2026,B00059,NUEVA WAL MART DE MEXICO,BA MINA (1174),CISAALMA,BLVD INSTITUTOS TECNOLOGICOS,268242922,Minatitlán,El Triángulo,96734,Minatitlán,Veracruz,"BLVD INSTITUTOS TECNOLOGICOS,Minatitlán,El Triángulo,Minatitlán,Veracruz,96734","1351,077021",34980,34980,OC: 2811745117,RECIBO DE 7:00 A 11:00 AM,EDO MEXICO,226
Pedido 443996,6/4/2026,B00059,NUEVA WAL MART DE MEXICO,BA VIA CAPU (3773),CISAALMA,BLVD NTE H 5 DE MAYO # 2318,268242922,Puebla,San Felipe Hueyotlipan,72030,Puebla (Heroica Puebla),Puebla,"BLVD NTE H 5 DE MAYO # 2318,Puebla,San Felipe Hueyotlipan,Puebla (Heroica Puebla),Puebla,72030","294,2451696","8314,8","8314,8",PEDIDO PUEBLA YO LO ENTREGO,RECIBO DE 7:00 AM A 11:00 AM,EDO MEXICO,101
Pedido 443318,19/3/2026,B00059,NUEVA WAL MART DE MEXICO,MB TEAPA (3049) (BAJA),CISAALMA,BLVD FRANCISCO TRUJILLO GURRIA # 16,268242922,Teapa,Teapa Centro,86800,Teapa,Tabasco,"BLVD FRANCISCO TRUJILLO GURRIA # 16,Teapa,Teapa Centro,Teapa,Tabasco,86800","568,211076",18312,18312,SUC.3049 MI BODEGA AURRERA TEAPA,TRANSBORDO,EDO MEXICO,101
Pedido 443863,31/3/2026,B00059,NUEVA WAL MART DE MEXICO,BA TERAN (4125),CISAALMA,BLVD BELISARIO DOMINGUEZ # 4451,268242922,Tuxtla Gutiérrez,San Cristóbal,29038,Tuxtla Gutiérrez,Chiapas,"BLVD BELISARIO DOMINGUEZ # 4451,Tuxtla Gutiérrez,San Cristóbal,Tuxtla Gutiérrez,Chiapas,29038","946,665645",23667,23667,OC B A TERAN 4125,TRANSBORDO  -- RECIBO DE 7:00 AM A 12:00 PM,EDO MEXICO,101
Pedido 444279,10/4/2026,B00059,NUEVA WAL MART DE MEXICO,BA TUXTLA CENTRO (3917),CISAALMA,AV CENTRAL PONIENTE # 677,268242922,Tuxtla Gutiérrez,Santo Domingo,29000,Tuxtla Gutiérrez,Chiapas,"AV CENTRAL PONIENTE # 677,Tuxtla Gutiérrez,Santo Domingo,Tuxtla Gutiérrez,Chiapas,29000","1119,528987","29191,8","29191,8",OC BA TUXTLA CENTRO,TRANSBORDO  -- RECIBO DE 7:00 AM A 12:00 PM,EDO MEXICO,101
Pedido 444275,10/4/2026,B00059,NUEVA WAL MART DE MEXICO,BA SUMIDERO (3002),CISAALMA,CALZADA AL SUMIDERO # 2330 MZ 75,268242922,Tuxtla Gutiérrez,Misol-ha,29010,Tuxtla Gutiérrez,Chiapas,"CALZADA AL SUMIDERO # 2330 MZ 75,Tuxtla Gutiérrez,Misol-ha,Tuxtla Gutiérrez,Chiapas,29010","2018,43264",54612,54612,OC BA SUMIDERO 3002,TRANSBORDO  -- RECIBO DE 7:00 AM A 12:00 PM,EDO MEXICO,101
Pedido 444219,9/4/2026,B00059,NUEVA WAL MART DE MEXICO,BA CIUDAD INDUSTRIAL (1101),CISAALMA,PROL AV UNIVERSIDAD No 634,268242922,Centro,Casa Blanca 2a Sección,86060,Villahermosa,Tabasco,"PROL AV UNIVERSIDAD No 634,Centro,Casa Blanca 2a Sección,Villahermosa,Tabasco,86060","1684,641692",42390,42390,SUC.1101 BODEGA AURRERA CIUDAD INDUSTRIAL,TRANSBORDO,EDO MEXICO,101
Pedido 443953,5/4/2026,B00059,NUEVA WAL MART DE MEXICO,BA 14 ORIENTE (1420),CISAALMA,PROLONGACION 14 ORIENTE # 5219,268242922,Puebla,Agrícola Resurgimiento,72370,Puebla (Heroica Puebla),Puebla,"PROLONGACION 14 ORIENTE # 5219,Puebla,Agrícola Resurgimiento,Puebla (Heroica Puebla),Puebla,72370","264,0039648","6880,8","6880,8",PEDIDO PUEBLA YO LO ENTREGO,RECIBO DE 7:00 AM A 11:00 AM,EDO MEXICO,101
Pedido 443928,1/4/2026,B00059,NUEVA WAL MART DE MEXICO,BA PATRICIO TRUEBA (4075),CISAALMA,AV PATRICIO TRUEBA # 203,268242922,Campeche,Villa Jazmín,24090,San Francisco de Campeche,Campeche,"AV PATRICIO TRUEBA # 203,Campeche,Villa Jazmín,San Francisco de Campeche,Campeche,24090","648,000384",17004,17004,BA PATRICIO TRUEBA 4075 CAMPECHE,RECIBO DE 7:00 AM A 12:00 PM,EDO MEXICO,101
Pedido 444281,10/4/2026,B00059,NUEVA WAL MART DE MEXICO,AURRERA CEDIS GUADALAJARA (7493),CISAALMA,CARRETERA AL SANTO No.420,268242922,Tlajomulco de Zúñiga,Los Ciruelos,45679,Tlajomulco de Zúñiga,Jalisco,"CARRETERA AL SANTO No.420,Tlajomulco de Zúñiga,Los Ciruelos,Tlajomulco de Zúñiga,Jalisco,45679","716,8310532","25954,8","25954,8",OC 8938915950 GUADALAJARA (7493),,EDO MEXICO,600
Pedido 443321,19/3/2026,B00059,NUEVA WAL MART DE MEXICO,BA REFORMA TAB (MACUSPANA) (2142),CISAALMA,CALLE REFORMA # S/N,268242922,Macuspana,Nicolás Bravo,86700,,Tabasco,"CALLE REFORMA # S/N,Macuspana,Nicolás Bravo,,Tabasco,86700","1730,134602",45360,45360,SUC.2142 BODEGA AURRERA MACUSPANA,TRANSBORDO,EDO MEXICO,101
Pedido 444300,10/4/2026,B00059,NUEVA WAL MART DE MEXICO,SAMS CEDIS SAMS VILLAHERMOSA (6550),CISAALMA,AV BUTANO No 16 CD INDUSTRIAL,035672640,Centro,Palmitas,86130,Villahermosa,Tabasco,"AV BUTANO No 16 CD INDUSTRIAL,Centro,Palmitas,Villahermosa,Tabasco,86130",3360,85260,85260,OC 8234473659 SAMS VILLAHERMOSA (6550),,EDO MEXICO,101
Pedido 444301,10/4/2026,B00059,NUEVA WAL MART DE MEXICO,SAMS CEDIS SAMS VILLAHERMOSA (6550),CISAALMA,AV BUTANO No 16 CD INDUSTRIAL,035672640,Centro,Palmitas,86130,Villahermosa,Tabasco,"AV BUTANO No 16 CD INDUSTRIAL,Centro,Palmitas,Villahermosa,Tabasco,86130","1535,999999",36096,36096,OC 8234473659 SAMS VILLAHERMOSA,,EDO MEXICO,101
Pedido 444282,10/4/2026,B00059,NUEVA WAL MART DE MEXICO,MB HUIXTLA (4079),CISAALMA,NEGRETE ORIENTE S/N,268242922,Huixtla,Las Hortencias II,30640,Huixtla,Chiapas,"NEGRETE ORIENTE S/N,Huixtla,Las Hortencias II,Huixtla,Chiapas,30640","2441,446452",60954,60954,OC MI BODEGA AURRERA HUIXTLA,TRANSBORDO  -- RECIBO DE 7:00 AM A 11:00 AM,EDO MEXICO,101
Pedido 444019,7/4/2026,B00059,NUEVA WAL MART DE MEXICO,MB BALANCAN (3658),CISAALMA,AV GREGORIA MENDEZ S/N,CENTRO-BALANCAN,Balancán,Balancán Centro,86930,,Tabasco,"AV GREGORIA MENDEZ S/N,Balancán,Balancán Centro,,Tabasco,86930","377,7372666",11820,11820,SUC.3658 MI BODEGA AURRERA CENTRO BALANCAN,TRANSBORDO,EDO MEXICO,101
Pedido 442834,10/3/2026,B00059,NUEVA WAL MART DE MEXICO,SC CAMPECHE (4139),CISAALMA,AV MARIA LAVALLE,SAN FRANCISCO DE CAMPECHE CENTRO - CAMPECHE,Campeche,San Francisco de Campeche Centro,24000,San Francisco de Campeche,Campeche,"AV MARIA LAVALLE,Campeche,San Francisco de Campeche Centro,San Francisco de Campeche,Campeche,24000","486,00972",12300,12300,OC SC CAMPECHE 4139 DIONY RAMAYO,RECIBO DE 7:00 AM A 12:00 PM,EDO MEXICO,101
Pedido 444292,10/4/2026,B00059,NUEVA WAL MART DE MEXICO,SC LIBRAMIENTO NORTE (3127),CISAALMA,BLVD SALOMON GONZALEZ BLANCO,CARLOS SALINAS DE GORTARI - TUXTLA GUTIÉRREZ,Tuxtla Gutiérrez,Carlos Salinas de Gortari,29045,Tuxtla Gutiérrez,Chiapas,"BLVD SALOMON GONZALEZ BLANCO,Tuxtla Gutiérrez,Carlos Salinas de Gortari,Tuxtla Gutiérrez,Chiapas,29045","2431,389627",64200,64200,OC 2831273536 SC LIBRAMIENTO NORTE,TRANSBORDO  -- RECIBO DE 7:00 AM A 12:00 PM,EDO MEXICO,101
Pedido 444287,10/4/2026,B00059,NUEVA WAL MART DE MEXICO,AURRERA CEDIS MONTERREY (7490),CISAALMA,CARR MONTERREY-LAREDO KM 23400,268242922,El Carmen,El Mirador,66550,,Nuevo León,"CARR MONTERREY-LAREDO KM 23400,El Carmen,El Mirador,,Nuevo León,66550","1371,385526","38449,2","38449,2",OC 4484741248 MONTERREY (7490),,EDO MEXICO,600
Pedido 444286,10/4/2026,B00059,NUEVA WAL MART DE MEXICO,AURRERA CEDIS SINALOA (7487),CISAALMA,CALZADA AEROPUERTO #9996,268242922,Culiacán,Villa Andalucía,80130,Culiacán Rosales,Sinaloa,"CALZADA AEROPUERTO #9996,Culiacán,Villa Andalucía,Culiacán Rosales,Sinaloa,80130","1678,230454","48921,6","48921,6",OC 4683049423 SINALOA (7487),,EDO MEXICO,600
Pedido 443381,20/3/2026,B00059,NUEVA WAL MART DE MEXICO,BA COSOLEACAQUE (2597),CISAALMA,CARR TRANS MINA ACAYUCAN KM 26+900,268242922,Cosoleacaque,Arboledas,96346,,Veracruz,"CARR TRANS MINA ACAYUCAN KM 26+900,Cosoleacaque,Arboledas,,Veracruz,96346","1127,780467",30405,30405,OC:2825973043,RECIBO DE 7:00 A 11:00 AM,EDO MEXICO,226
Pedido 444290,10/4/2026,B00059,NUEVA WAL MART DE MEXICO,SC CEDIS VILLA HERMOSA (7468),CISAALMA,CARR. VILLAHERMOSA-CARDENAS KM.145,268242920,Centro,Hacienda Casa Blanca,86280,,Tabasco,"CARR. VILLAHERMOSA-CARDENAS KM.145,Centro,Hacienda Casa Blanca,,Tabasco,86280","23621,68148",695070,695070,OC 8784472626 WALMART VILLAHERMOSA (7468),,EDO MEXICO,601
Pedido 443498,24/3/2026,B00059,NUEVA WAL MART DE MEXICO,SC SALINA CRUZ II (3929),CISAALMA,CARR TRANSISMICA 10,NUEVO EJIDAL - SALINA CRUZ,Salina Cruz,Nuevo Ejidal,70613,Salina Cruz,Oaxaca,"CARR TRANSISMICA 10,Salina Cruz,Nuevo Ejidal,Salina Cruz,Oaxaca,70613","2360,441208",57240,57240,SC SALINA CRUZ,RECIBO DE 7:00 AM A 12:00 PM,EDO MEXICO,138
Pedido 442969,10/3/2026,B00059,NUEVA WAL MART DE MEXICO,BA KALA (2108),CISAALMA,CARR ANTIGUA CAMPECHE MERIDA 1,TERRANOVA - CAMPECHE,Campeche,Terranova,24087,San Francisco de Campeche,Campeche,"CARR ANTIGUA CAMPECHE MERIDA 1,Campeche,Terranova,San Francisco de Campeche,Campeche,24087","607,51215",15375,15375,OC BA KALA DIONY RAMAYO CAMPECHE,RECIBO DE 7:00 AM A 12:00 PM,EDO MEXICO,101
Pedido 443713,27/3/2026,B00059,NUEVA WAL MART DE MEXICO,BA 5TA PONIENTE (1387),CISAALMA,CALLE 5A PONIENTE NORTE NUM 2150,CHIAPAS SOLIDARIO - TUXTLA GUTIÉRREZ,Tuxtla Gutiérrez,Chiapas Solidario,29018,Tuxtla Gutiérrez,Chiapas,"CALLE 5A PONIENTE NORTE NUM 2150,Tuxtla Gutiérrez,Chiapas Solidario,Tuxtla Gutiérrez,Chiapas,29018","573,3075204","15107,4","15107,4",OC BA 5TA PONIENTE 13897,TRANSBORDO  -- RECIBO DE 7:00 AM A 12:00 PM,EDO MEXICO,101
Pedido 444289,10/4/2026,B00059,NUEVA WAL MART DE MEXICO,SC MERIDA (4188),CISAALMA,CARR MERIDA-CANCUN KM 14.5,CECILIO CHI - KANASÍN,Kanasín,Cecilio Chi,97370,,Yucatán,"CARR MERIDA-CANCUN KM 14.5,Kanasín,Cecilio Chi,,Yucatán,97370","6604,732528","190129,2","190129,2",OC 9883497417 WALMART MERIDA (4188),,EDO MEXICO,101
Pedido 444209,9/4/2026,B00059,NUEVA WAL MART DE MEXICO,SAMS MERIDA (7506),CISAALMA,CARR MERIDA-CANCUN KM 14.5,CECILIO CHI - KANASÍN,Kanasín,Cecilio Chi,97370,,Yucatán,"CARR MERIDA-CANCUN KM 14.5,Kanasín,Cecilio Chi,,Yucatán,97370",3868,102808,102808,OC 7184443499 SAMS MERIDA (7506),,EDO MEXICO,101
Pedido 443982,6/4/2026,B00059,NUEVA WAL MART DE MEXICO,BA QUETZALCOATL (1017),CISAALMA,CALLE 65 NUM 102,AQUAPARQUE - MÉRIDA,Mérida,Aquaparque,97176,Mérida,Yucatán,"CALLE 65 NUM 102,Mérida,Aquaparque,Mérida,Yucatán,97176","743,4146952","19231,2","19231,2",BA QUETZALCOATL 1017 MERIDA,TRANSBORDO,EDO MEXICO,101
Pedido 443165,17/3/2026,B00059,NUEVA WAL MART DE MEXICO,BA GLORIETA CAUCEL (3295),CISAALMA,CALLE 70 NUM 661,CIUDAD CAUCEL - MÉRIDA,Mérida,Ciudad Caucel,97314,,Yucatán,"CALLE 70 NUM 661,Mérida,Ciudad Caucel,,Yucatán,97314","428,5284552","11017,8","11017,8",BA GLORIETA 3295 MERIDA,TRANSBORDO,EDO MEXICO,101
Pedido 444285,10/4/2026,B00059,NUEVA WAL MART DE MEXICO,SC JUAREZ CHIHUAHUA (4640),CISAALMA,CARR. PANAMERICANA KM 27.5,SAN CRISTÓBAL - CHIHUAHUA,Chihuahua,San Cristóbal,31150,Chihuahua,Chihuahua,"CARR. PANAMERICANA KM 27.5,Chihuahua,San Cristóbal,Chihuahua,Chihuahua,31150","621,7312248","18020,4","18020,4",OC 5539062395 CHIHUAHUA (4640),,EDO MEXICO,101
Pedido 444283,10/4/2026,B00059,NUEVA WAL MART DE MEXICO,BA JALISCO (5907),CISAALMA,CARR EL SALTO 420,LOS CIRUELOS - TLAJOMULCO DE ZÚÑIGA,Tlajomulco de Zúñiga,Los Ciruelos,45679,Tlajomulco de Zúñiga,Jalisco,"CARR EL SALTO 420,Tlajomulco de Zúñiga,Los Ciruelos,Tlajomulco de Zúñiga,Jalisco,45679","985,938336","26601,6","26601,6",OC 8833436630 JALISCO (5907),,EDO MEXICO,101
Pedido 444288,10/4/2026,B00059,NUEVA WAL MART DE MEXICO,CEDIS MEXICALI (4924),CISAALMA,CALZADA GRAL. LAZARO CARDENAS 3800,VIÑAS DEL SOL - MEXICALI,Mexicali,Viñas del Sol,21190,Mexicali,Baja California,"CALZADA GRAL. LAZARO CARDENAS 3800,Mexicali,Viñas del Sol,Mexicali,Baja California,21190","576,6408414","16102,8","16102,8",OC 3584033924 MEXICALI (4924),,EDO MEXICO,101
Pedido 443725,28/3/2026,B00059,NUEVA WAL MART DE MEXICO,SC BUENAVISTA (3846),CISAALMA,AV INSURGENTES NTE No 131,NA,Cuauhtémoc,Guerrero,06300,Ciudad de México,Ciudad de México,"AV INSURGENTES NTE No 131,Cuauhtémoc,Guerrero,Ciudad de México,Ciudad de México,06300","777,014964",22989,22989,PEDIDO RENE,,EDO MEXICO,101
Pedido 443448,24/3/2026,B00059,NUEVA WAL MART DE MEXICO,BA MACULTEPEC (0984),CISAALMA,CARRETERA FEDERAL VILLAHERMOSA - FRONTERA KM 18,VILLA MACULTEPEC-VILLAHERMOSA,Centro,Macultepec,86250,,Tabasco,"CARRETERA FEDERAL VILLAHERMOSA - FRONTERA KM 18,Centro,Macultepec,,Tabasco,86250","586,5055572","14341,2","14341,2",SUC.0984 BODEGA AURRERA MACULTEPEC,RECIBO DE 7:00 AM A 12:00 PM,EDO MEXICO,101
Pedido 444016,7/4/2026,B00059,NUEVA WAL MART DE MEXICO,MB EMILIANO ZAPATA (3571),CISAALMA,CALLE LEONA VICTORIA 240,LAS LOMAS-EMILIANO ZAPATA,Emiliano Zapata,El Recreo,86997,Emiliano Zapata,Tabasco,"CALLE LEONA VICTORIA 240,Emiliano Zapata,El Recreo,Emiliano Zapata,Tabasco,86997","382,537305","12080,4","12080,4",3571 mi bodega aurrera monte cristo emiliano zapat,TRANSBORDO,EDO MEXICO,101
Pedido 444284,10/4/2026,B00059,NUEVA WAL MART DE MEXICO,CIENEGA (5922),CISAALMA,CAMINO A LOS BORREGOS 785,,Ciénega de Flores,Portal de las Flores,65580,,Nuevo León,"CAMINO A LOS BORREGOS 785,Ciénega de Flores,Portal de las Flores,,Nuevo León,65580","408,1271832","12058,8","12058,8",OC 7283486520 CIENEGA (5922),,EDO MEXICO,101
Pedido 444293,10/4/2026,B00059,NUEVA WAL MART DE MEXICO,BD OCOSINGO (1858),CISAALMA,AVENIDA OCTAVA SUR ORIENTE,SAUZAL-OCOSINGO,Ocosingo,El Sauzal,29950,Ocosingo,Chiapas,"AVENIDA OCTAVA SUR ORIENTE,Ocosingo,El Sauzal,Ocosingo,Chiapas,29950","2280,637836",73314,73314,OC BA OCOSINGO 1858,TRANSBORDO  -- RECIBO DE 7:00 AM A 12:00 PM,EDO MEXICO,101
Pedido 443732,28/3/2026,B00062,PROVEEDORA DE ABARROTES RIVERA,PROVEEDORA DE ABARROTES RIVERA MAYOREO,CISAALMA,104 PONIENTE NO. 1702-A,Parque Industrial 5 de Mayo - Puebla,Puebla,Parque Industrial 5 de Mayo,72019,Puebla (Heroica Puebla),Puebla,"104 PONIENTE NO. 1702-A,Puebla,Parque Industrial 5 de Mayo,Puebla (Heroica Puebla),Puebla,72019",13150,283475,95875,OC 4265844,,PUEBLA,253
Pedido 444226,9/4/2026,B00109,SOCIEDAD COOPERATIVA DE CONSUMO JUAN GRAY MARTINEZ SECCION NO. 11 DEL S.T.P.R.M.,"""SOCIEDAD COOPERATIVA DE CONSUMO JUAN GRAY MARTINEZ, SECCION 11 STPRM SCL""",CISAALMA,ALEJANDRO I MENDOZA 1,PRIMERO DE MAYO - NANCHITAL,Nanchital de Lázaro Cárdenas del Río,Obrera,96360,,Veracruz,"ALEJANDRO I MENDOZA 1,Nanchital de Lázaro Cárdenas del Río,Obrera,,Veracruz,96360",862,"20232,6","20232,6",,RECIBO DE 8:00 AM A 3:00 PM,VERACRUZ SUR,226
Pedido 444227,9/4/2026,B00109,SOCIEDAD COOPERATIVA DE CONSUMO JUAN GRAY MARTINEZ SECCION NO. 11 DEL S.T.P.R.M.,"""SOCIEDAD COOPERATIVA DE CONSUMO JUAN GRAY MARTINEZ, SECCION 11 STPRM SCL""",CISAALMA,ALEJANDRO I MENDOZA 1,PRIMERO DE MAYO - NANCHITAL,Nanchital de Lázaro Cárdenas del Río,Obrera,96360,,Veracruz,"ALEJANDRO I MENDOZA 1,Nanchital de Lázaro Cárdenas del Río,Obrera,,Veracruz,96360","236,5",9447,9447,,RECIBO DE 8:00 AM A 3:00 PM,VERACRUZ SUR,226
Pedido 444228,9/4/2026,B00109,SOCIEDAD COOPERATIVA DE CONSUMO JUAN GRAY MARTINEZ SECCION NO. 11 DEL S.T.P.R.M.,"""SOCIEDAD COOPERATIVA DE CONSUMO JUAN GRAY MARTINEZ, SECCION 11 STPRM SCL""",CISAALMA,ALEJANDRO I MENDOZA 1,PRIMERO DE MAYO - NANCHITAL,Nanchital de Lázaro Cárdenas del Río,Obrera,96360,,Veracruz,"ALEJANDRO I MENDOZA 1,Nanchital de Lázaro Cárdenas del Río,Obrera,,Veracruz,96360","4,8",242,242,,RECIBO DE 8:00 AM A 3:00 PM,VERACRUZ SUR,226
Pedido 443496,24/3/2026,B00128,COMERCIAL CONCHA,COMERCIAL CONCHA SA DE CV,CISAALMA,ZARAGOZA,CENTRO - OCOTLAN DE MORELOS,Ocotlán de Morelos,Morelos,71510,Ocotlán de Morelos,Oaxaca,"ZARAGOZA,Ocotlán de Morelos,Morelos,Ocotlán de Morelos,Oaxaca,71510",2410,56690,56690,,ENTREGAR EN CEDIS ZARAGOZA,OAXACA CENTRO,138
Pedido 443495,24/3/2026,B00128,COMERCIAL CONCHA,COMERCIAL CONCHA SA DE CV,CISAALMA,ZARAGOZA,CENTRO - OCOTLAN DE MORELOS,Ocotlán de Morelos,Morelos,71510,Ocotlán de Morelos,Oaxaca,"ZARAGOZA,Ocotlán de Morelos,Morelos,Ocotlán de Morelos,Oaxaca,71510",1040,25880,25880,,ENTREGAR EN CEDIS ZARAGOZA,OAXACA CENTRO,138
Pedido 444296,10/4/2026,B00159,TIENDAS SORIANA,CEDIS VILLAHERMOSA SECOS (5681),CISAALMA,CARRETERA VILLAHERMOSA-CARDENAS KM.,HACIENDA CASA BLANCA - CENTRO,Centro,Hacienda Casa Blanca,86280,,Tabasco,"CARRETERA VILLAHERMOSA-CARDENAS KM.,Centro,Hacienda Casa Blanca,,Tabasco,86280","1605,6",49611,49611,OC 139522234 CEDIS VILLAHERMOSA,CITA 1000587615 JUEVES 16/04/26 10:00AM,NUEVO LEON,101
Pedido 444297,10/4/2026,B00159,TIENDAS SORIANA,CEDIS VILLAHERMOSA SECOS (5681),CISAALMA,CARRETERA VILLAHERMOSA-CARDENAS KM.,HACIENDA CASA BLANCA - CENTRO,Centro,Hacienda Casa Blanca,86280,,Tabasco,"CARRETERA VILLAHERMOSA-CARDENAS KM.,Centro,Hacienda Casa Blanca,,Tabasco,86280","1792,29",53943,53943,OC 139733932 CEDIS VILLAHERMOSA,CITA 1000587615 JUEVES 16/04/26 10:00AM,NUEVO LEON,101
Pedido 444310,10/4/2026,B00206,ALEJANDRO REYES BENAVIDEZ,REYES BENAVIDEZ ALEJANDRO,ALVI_CORD,MIGUEL HIDALGO 3,BARRIO SAN JUAN - ACATLAN DE OSORIO,Acatlán,Amatitlán de Azueta,74940,,Puebla,"MIGUEL HIDALGO 3,Acatlán,Amatitlán de Azueta,,Puebla,74940",18000,316800,316800,,,PUEBLA,253