Movimiento,Fecha Emisión,Cliente,Nombre,Nombre Sucursal,Almacén,Dirección,Observaciones,Delegación,Colonia,Código Postal,Población,Estado,Dirección Completa,Direccion actualizada,Latitud,Longitud,LatLong,Peso,Importe Total,Saldo,Referencia,Observaciones Horarios y/o citas,Ruta,Agente
Pedido 444087,8/4/2026,A00564,TIENDAS LORES,TIENDAS LORES (TEMAZCAL),CISAALMA,AV 2 No 1269,CENTRO - TEMAZCAL,San Miguel Soyaltepec,Temascal,68430,,Oaxaca,"AV 2 No 1269,San Miguel Soyaltepec,Temascal,,Oaxaca,68430","AV 2 No 1269,San Miguel Soyaltepec,Temascal,,Oaxaca,68430, Oaxaca, 68430, MX",18.24238,-96.40012,"18.24238,-96.40012",2989.74,"66839,2",500,,,TIERRA BLANCA,101
Pedido 444084,8/4/2026,A00565,TIENDAS LORES,TIENDAS LORES (PLAYA VICENTE),CISAALMA,M LERDO 384 ENTRE 2 ABRIL Y JOSEFA ORTIZ,CENTRO - PLAYA VICENTE,Playa Vicente,Lomas Verdes,95600,Playa Vicente,Veracruz,"M LERDO 384 ENTRE 2 ABRIL Y JOSEFA ORTIZ,Playa Vicente,Lomas Verdes,Playa Vicente,Veracruz,95600","M LERDO 384 ENTRE 2 ABRIL Y JOSEFA ORTIZ,Playa Vicente,Lomas Verdes,Playa Vicente,Veracruz,95600, Veracruz, 95600, MX",17.83062,-95.8132,"17.83062,-95.8132",1292.08,"28658,8",928,,,TUXTEPEC,101
Pedido 444085,8/4/2026,A00566,TIENDAS LORES,TIENDAS LORES (VILLA AZUETA),CISAALMA,AV REVOLUCION 74 ENTRE ALLENDE Y ZAPATA,CENTRO - VILLA AZUETA,José Azueta,Valle Dorado,95580,,Veracruz,"AV REVOLUCION 74 ENTRE ALLENDE Y ZAPATA,José Azueta,Valle Dorado,,Veracruz,95580","AV REVOLUCION 74 ENTRE ALLENDE Y ZAPATA,José Azueta,Valle Dorado,,Veracruz,95580, Veracruz, 95580, MX",18.07732,-95.70663,"18.07732,-95.70663",1664.9,36350,686,,,CUENCA,101
Pedido 444079,8/4/2026,A00567,TIENDAS LORES,TIENDAS LORES (BOULEVARD),CISAALMA,BOULEVARD BENITO JUAREZ Y CARR OJITLAN,MARIA EUGENIA - TUXTEPEC,San Juan Bautista Tuxtepec,Loma Alta,68350,San Juan Bautista Tuxtepec,Oaxaca,"BOULEVARD BENITO JUAREZ Y CARR OJITLAN,San Juan Bautista Tuxtepec,Loma Alta,San Juan Bautista Tuxtepec,Oaxaca,68350","BOULEVARD BENITO JUAREZ Y CARR OJITLAN,San Juan Bautista Tuxtepec,Loma Alta,San Juan Bautista Tuxtepec,Oaxaca,68350, Oaxaca, 68350, MX",18.08488,-96.13629,"18.08488,-96.13629",2931.88,"64196,4",500,,,TUXTEPEC,101
Pedido 444075,8/4/2026,A00568,TIENDAS LORES,TIENDAS LORES (CENTRO),CISAALMA,AVENIDA 5 DE MAYO Y MATAMOROS,CENTRO - TUXTEPEC,San Juan Bautista Tuxtepec,Tuxtepec Centro,68300,San Juan Bautista Tuxtepec,Oaxaca,"AVENIDA 5 DE MAYO Y MATAMOROS,San Juan Bautista Tuxtepec,Tuxtepec Centro,San Juan Bautista Tuxtepec,Oaxaca,68300","AVENIDA 5 DE MAYO Y MATAMOROS,San Juan Bautista Tuxtepec,Tuxtepec Centro,San Juan Bautista Tuxtepec,Oaxaca,68300, Oaxaca, 68300, MX",18.08368,-96.12567,"18.08368,-96.12567",7796.6,170272,686,,,TUXTEPEC,101
Pedido 444076,8/4/2026,A00569,TIENDAS LORES,TIENDAS LORES (COSAMALOAPAN),CISAALMA,AV.RUIZ CORTINES No 300,CENTRO - COSAMALOAPAN,Cosamaloapan de Carpio,Cosamaloapan de Carpio Centro,95400,Cosamaloapan,Veracruz,"AV.RUIZ CORTINES No 300,Cosamaloapan de Carpio,Cosamaloapan de Carpio Centro,Cosamaloapan,Veracruz,95400","AV.RUIZ CORTINES No 300,Cosamaloapan de Carpio,Cosamaloapan de Carpio Centro,Cosamaloapan,Veracruz,95400, Veracruz, 95400, MX",18.36497,-95.79528,"18.36497,-95.79528",5913.86,"127922,2",1000,,,LOS TUXTLAS,101
Pedido 444077,8/4/2026,A00572,TIENDAS LORES,TIENDAS LORES (ISLA),CISAALMA,RAUL SANDOVAL No 30,CENTRO - ISLA,Isla,Isla Centro,95640,Isla,Veracruz,"RAUL SANDOVAL No 30,Isla,Isla Centro,Isla,Veracruz,95640","RAUL SANDOVAL No 30,Isla,Isla Centro,Isla,Veracruz,95640, Veracruz, 95640, MX",18.02349,-95.5295,"18.02349,-95.5295",2480.2,54679,242,,,CUENCA,101
Pedido 444078,8/4/2026,A00573,TIENDAS LORES,TIENDAS LORES (LOMA BONITA),CISAALMA,AV QUINTANA ROO No 7,CENTRO - LOMA BONITA,Loma Bonita,Barrio La Escobeta,68400,Loma Bonita,Oaxaca,"AV QUINTANA ROO No 7,Loma Bonita,Barrio La Escobeta,Loma Bonita,Oaxaca,68400","AV QUINTANA ROO No 7,Loma Bonita,Barrio La Escobeta,Loma Bonita,Oaxaca,68400, Oaxaca, 68400, MX",18.107,-95.88077,"18.107,-95.88077",3158.38,"69430,4",1186,,,CUENCA,101
Pedido 444086,8/4/2026,A00574,TIENDAS LORES,TIENDAS LORES (RODRIGUEZ CLARA),CISAALMA,ALVARO OBREGON S/N,CENTRO - RODRIGUEZ CLARA,Juan Rodríguez Clara,La Unión,95670,,Veracruz,"ALVARO OBREGON S/N,Juan Rodríguez Clara,La Unión,,Veracruz,95670","ALVARO OBREGON S/N,Juan Rodríguez Clara,La Unión,,Veracruz,95670, Veracruz, 95670, MX",17.89314,-95.3431,"17.89314,-95.3431",1695.9,37274,242,,,,101
Pedido 444082,8/4/2026,A00575,TIENDAS LORES,TIENDAS LORES (TEZONAPA),CISAALMA,5 DE MAYO No 30,CENTRO - TEZONAPA,Tezonapa,Barranca Seca,95096,Tezonapa,Veracruz,"5 DE MAYO No 30,Tezonapa,Barranca Seca,Tezonapa,Veracruz,95096","5 DE MAYO No 30,Tezonapa,Barranca Seca,Tezonapa,Veracruz,95096, Veracruz, 95096, MX",18.60404,-96.68519,"18.60404,-96.68519",4490.6,101033,500,,,,101
Pedido 444074,8/4/2026,A00576,TIENDAS LORES,TIENDAS LORES (TIERRA BLANCA),CISAALMA,5 DE MAYO No 806,CENTRO - TIERRA BLANCA,Tierra Blanca,Tierra Blanca Centro,95100,Tierra Blanca,Veracruz,"5 DE MAYO No 806,Tierra Blanca,Tierra Blanca Centro,Tierra Blanca,Veracruz,95100","5 DE MAYO No 806,Tierra Blanca,Tierra Blanca Centro,Tierra Blanca,Veracruz,95100, Veracruz, 95100, MX",18.44821,-96.35867,"18.44821,-96.35867",4479.1,99096,1000,,,,101
Pedido 444081,8/4/2026,A00577,TIENDAS LORES,TIENDAS LORES (VERACRUZ),CISAALMA,AV DIAZ MIRON 277,CENTRO - VERACRUZ,Veracruz,Veracruz Centro,91700,Veracruz,Veracruz,"AV DIAZ MIRON 277,Veracruz,Veracruz Centro,Veracruz,Veracruz,91700","AV DIAZ MIRON 277,Veracruz,Veracruz Centro,Veracruz,Veracruz,91700, Veracruz, 91700, MX",19.19157,-96.13534,"19.19157,-96.13534",600.4,14230,500,,,VERACRUZ PUERTO,101
Pedido 444061,8/4/2026,A00730,MUESTRA CLIENTE (REM),MUESTRA CLIENTE (REM),CISAALMA,CARR FED FORTIN-HUATUSCO 1617,RICARDO BALLINAS-FORTIN,Fortín,Ricardo Ballinas,94472,Fortín de las Flores,Veracruz,"CARR FED FORTIN-HUATUSCO 1617,Fortín,Ricardo Ballinas,Fortín de las Flores,Veracruz,94472","CARR FED FORTIN-HUATUSCO 1617,Fortín,Ricardo Ballinas,Fortín de las Flores,Veracruz,94472, Veracruz, 94472, MX",18.90531,-96.99885,"18.90531,-96.99885",111,2365,2365,*DONATIVO- FUNDC ROMA.,,CORDOBA,101
Pedido 444089,8/4/2026,A01123,TIENDAS LORES,TIENDAS LORES (LERDO DE TEJADA),CISAALMA,CALLE REVOLUCION NORTE S/N ENTRE NICOLAS BRAVO Y J DE LA LUZ ENRIQUEZ,CENTRO - LERDO DE TEJEDA,Lerdo de Tejada,Lerdo de Tejada Centro,95280,Lerdo de Tejada,Veracruz,"CALLE REVOLUCION NORTE S/N ENTRE NICOLAS BRAVO Y J DE LA LUZ ENRIQUEZ,Lerdo de Tejada,Lerdo de Tejada Centro,Lerdo de Tejada,Veracruz,95280","CALLE REVOLUCION NORTE S/N ENTRE NICOLAS BRAVO Y J DE LA LUZ ENRIQUEZ,Lerdo de Tejada,Lerdo de Tejada Centro,Lerdo de Tejada,Veracruz,95280, Veracruz, 95280, MX",18.63174,-95.5204,"18.63174,-95.5204",2429.78,"54793,4",1242,,,LOS TUXTLAS,101
Pedido 444092,8/4/2026,A01637,TIENDAS LORES,TIENDAS LORES (VALLE NACIONAL),CISAALMA,CALLE JOSE MARIA MORELOS No 37,CENTRO - VALLE NACIONAL,San Juan Bautista Valle Nacional,Playa Del Rio,68480,San Juan Bautista Valle Nacional,Oaxaca,"CALLE JOSE MARIA MORELOS No 37,San Juan Bautista Valle Nacional,Playa Del Rio,San Juan Bautista Valle Nacional,Oaxaca,68480","CALLE JOSE MARIA MORELOS No 37,San Juan Bautista Valle Nacional,Playa Del Rio,San Juan Bautista Valle Nacional,Oaxaca,68480, Oaxaca, 68480, MX",17.77459,-96.30749,"17.77459,-96.30749",3401.5,73082,686,,,TUXTEPEC,101
Pedido 444093,8/4/2026,A01767,TIENDAS LORES,TIENDAS LORES (VICENTE CAMALOTE),CISAALMA,CALLE 11 S/N ENTRE IGNACIO DE LA LLAVE Y BENITO JUAREZ,CENTRO - ACATLAN DE PEREZ FIGUEROA,Acatlán de Pérez Figueroa,Benito Juárez,68422,Vicente Camalote,Oaxaca,"CALLE 11 S/N ENTRE IGNACIO DE LA LLAVE Y BENITO JUAREZ,Acatlán de Pérez Figueroa,Benito Juárez,Vicente Camalote,Oaxaca,68422","CALLE 11 S/N ENTRE IGNACIO DE LA LLAVE Y BENITO JUAREZ,Acatlán de Pérez Figueroa,Benito Juárez,Vicente Camalote,Oaxaca,68422, Oaxaca, 68422, MX",18.51107,-96.53636,"18.51107,-96.53636",1765.28,"40219,8",1000,,,TEZONAPA,101
Pedido 444193,8/4/2026,A01819,GENERAL DE MUEBLES PAPANTLA,GENERAL DE MUEBLES PAPANTLA,CISAALMA,CALLE FANCISCO SAUSA MINA No 101,BARRIO DEL NARANJO - PAPANTLA,Papantla,Papantla Centro,93400,Papantla de Olarte,Veracruz,"CALLE FANCISCO SAUSA MINA No 101,Papantla,Papantla Centro,Papantla de Olarte,Veracruz,93400","CALLE FANCISCO SAUSA MINA No 101,Papantla,Papantla Centro,Papantla de Olarte,Veracruz,93400, Veracruz, 93400, MX",20.44557,-97.32013,"20.44557,-97.32013",3757.6,75325,75325,,5.00 AM,VERACRUZ NORTE,172
Pedido 444095,8/4/2026,A01835,TIENDAS LORES,TIENDAS LORES (ANGEL R. CABADA),CISAALMA,AV FRANCISCO J MORENO No 30,CENTRO - ANGEL R. CABADA,Angel R. Cabada,Angel R. Cabada,95840,Ángel R. Cabada,Veracruz,"AV FRANCISCO J MORENO No 30,Angel R. Cabada,Angel R. Cabada,Ángel R. Cabada,Veracruz,95840","AV FRANCISCO J MORENO No 30,Angel R. Cabada,Angel R. Cabada,Ángel R. Cabada,Veracruz,95840, Veracruz, 95840, MX",18.59667,-95.44696,"18.59667,-95.44696",3863.46,"87795,8",1428,,,LOS TUXTLAS,101
Pedido 444094,8/4/2026,A01836,TIENDAS LORES,TIENDAS LORES (ALVARADO),CISAALMA,IGNACIO DE LA LLAVE No 35,CENTRO - ALVARADO,Alvarado,Rincón de la Palma,95250,,Veracruz,"IGNACIO DE LA LLAVE No 35,Alvarado,Rincón de la Palma,,Veracruz,95250","IGNACIO DE LA LLAVE No 35,Alvarado,Rincón de la Palma,,Veracruz,95250, Veracruz, 95250, MX",18.82272,-95.95639,"18.82272,-95.95639",3716.68,"81236,4",1000,,,,101
Pedido 444097,8/4/2026,A01895,TIENDAS LORES,TIENDAS LORES (TIERRA BLANCA 2),CISAALMA,CALLE PROLONGACION AQUILES SERDAN No 300 ENTRE OBRERO MUNDIAL Y MARTIRES DE CHIGACO,OBRERA - TIERRA BLANCA,Tierra Blanca,Obrera,95190,Tierra Blanca,Veracruz,"CALLE PROLONGACION AQUILES SERDAN No 300 ENTRE OBRERO MUNDIAL Y MARTIRES DE CHIGACO,Tierra Blanca,Obrera,Tierra Blanca,Veracruz,95190","CALLE PROLONGACION AQUILES SERDAN No 300 ENTRE OBRERO MUNDIAL Y MARTIRES DE CHIGACO,Tierra Blanca,Obrera,Tierra Blanca,Veracruz,95190, Veracruz, 95190, MX",18.45259,-96.35057,"18.45259,-96.35057",1562.96,"36132,8",372,,,,101
Pedido 444098,8/4/2026,A01909,TIENDAS LORES,TIENDAS LORES (TIERRA BLANCA 3),CISAALMA,HEROICO COLEGIO MILITAR ESQUINA CALLE INDEPENDENCIA No 701,ECHEVERRIA - TIERRA BLANCA,Tierra Blanca,Del Carmen,95110,Tierra Blanca,Veracruz,"HEROICO COLEGIO MILITAR ESQUINA CALLE INDEPENDENCIA No 701,Tierra Blanca,Del Carmen,Tierra Blanca,Veracruz,95110","HEROICO COLEGIO MILITAR ESQUINA CALLE INDEPENDENCIA No 701,Tierra Blanca,Del Carmen,Tierra Blanca,Veracruz,95110, Veracruz, 95110, MX",18.45704,-96.36534,"18.45704,-96.36534",1811.86,"41762,2",1000,,,,101
Pedido 444100,8/4/2026,A01955,TIENDAS LORES,TIENDAS LORES (COSAMALOAPAN 2),CISAALMA,AV FRANCISCO I MADERO,CENTRO - COSAMALOAPAN,Cosamaloapan de Carpio,Cosamaloapan de Carpio Centro,95400,Cosamaloapan,Veracruz,"AV FRANCISCO I MADERO,Cosamaloapan de Carpio,Cosamaloapan de Carpio Centro,Cosamaloapan,Veracruz,95400","AV FRANCISCO I MADERO,Cosamaloapan de Carpio,Cosamaloapan de Carpio Centro,Cosamaloapan,Veracruz,95400, Veracruz, 95400, MX",18.36706,-95.7912,"18.36706,-95.7912",3035.78,"66574,4",1000,,,LOS TUXTLAS,101
Pedido 444103,8/4/2026,A01990,TIENDAS LORES,TIENDAS LORES (TLALIXCOYAN),CISAALMA,AV BENITO JUAREZ,CENTRO - TLALIXCOYAN,Tlalixcoyan,El Triunfo (La Providencia),95225,,Veracruz,"AV BENITO JUAREZ,Tlalixcoyan,El Triunfo (La Providencia),,Veracruz,95225","AV BENITO JUAREZ,Tlalixcoyan,El Triunfo (La Providencia),,Veracruz,95225, Veracruz, 95225, MX",18.80181,-96.06228,"18.80181,-96.06228",1277.28,"27873,8",500,,,,101
Pedido 444105,8/4/2026,A02010,TIENDAS LORES,TIENDAS LORES (SANTIAGO TUXTLA),CISAALMA,AV MIGUEL HIDALGO #3,CENTRO - SANTIAGO TUXTLA,Santiago Tuxtla,Santiago Tuxtla Centro,95830,Santiago Tuxtla,Veracruz,"AV MIGUEL HIDALGO #3,Santiago Tuxtla,Santiago Tuxtla Centro,Santiago Tuxtla,Veracruz,95830","AV MIGUEL HIDALGO #3,Santiago Tuxtla,Santiago Tuxtla Centro,Santiago Tuxtla,Veracruz,95830, Veracruz, 95830, MX",18.46553,-95.29532,"18.46553,-95.29532",3212.56,"73824,2",1000,,,LOS TUXTLAS,101
Pedido 444106,8/4/2026,A02014,TIENDAS LORES,TIENDAS LORES ( SAN JOSE CHILTEPEC ),CISAALMA,CALLE JOSE MARIA PINO SUAREZ S/N,CENTRO - SAN JOSE CHILTEPEC,San José Chiltepec,San Jose Chiltepec,68456,,Oaxaca,"CALLE JOSE MARIA PINO SUAREZ S/N,San José Chiltepec,San Jose Chiltepec,,Oaxaca,68456","CALLE JOSE MARIA PINO SUAREZ S/N,San José Chiltepec,San Jose Chiltepec,,Oaxaca,68456, Oaxaca, 68456, MX",17.94651,-96.17239,"17.94651,-96.17239",951.2,20728,686,,,TUXTEPEC,101
Pedido 444073,8/4/2026,A02040,CORPORACION SANCHEZ,BODEGA FENIX,CISAALMA,AV ALUMINIO 207 H A UN COSTADO DE OFICINAS DE SANCHEZ,CD INDUSTRIAL-VILLAHERMOSA,Centro,Ciudad Industrial,86010,Villahermosa,Tabasco,"AV ALUMINIO 207 H A UN COSTADO DE OFICINAS DE SANCHEZ,Centro,Ciudad Industrial,Villahermosa,Tabasco,86010","AV ALUMINIO 207 H A UN COSTADO DE OFICINAS DE SANCHEZ,Centro,Ciudad Industrial,Villahermosa,Tabasco,86010, Tabasco, 86010, MX",18.02941,-92.90456,"18.02941,-92.90456",30000,809150,809150,4502917872-fenix,CITA: MIERCOLES 15/04/2026  9:00 PM,TABASCO,603
Pedido 444128,8/4/2026,A02040,CORPORACION SANCHEZ,BODEGA FENIX,CISAALMA,AV ALUMINIO 207 H A UN COSTADO DE OFICINAS DE SANCHEZ,CD INDUSTRIAL-VILLAHERMOSA,Centro,Ciudad Industrial,86010,Villahermosa,Tabasco,"AV ALUMINIO 207 H A UN COSTADO DE OFICINAS DE SANCHEZ,Centro,Ciudad Industrial,Villahermosa,Tabasco,86010","AV ALUMINIO 207 H A UN COSTADO DE OFICINAS DE SANCHEZ,Centro,Ciudad Industrial,Villahermosa,Tabasco,86010, Tabasco, 86010, MX",18.02941,-92.90456,"18.02941,-92.90456",29841.4,904712,904712,4502917873-fenix,CITA JUEVES 16/04/2026   2:30 PM,TABASCO,603
Pedido 444165,8/4/2026,A02040,CORPORACION SANCHEZ,BODEGA FENIX,CISAALMA,AV ALUMINIO 207 H A UN COSTADO DE OFICINAS DE SANCHEZ,CD INDUSTRIAL-VILLAHERMOSA,Centro,Ciudad Industrial,86010,Villahermosa,Tabasco,"AV ALUMINIO 207 H A UN COSTADO DE OFICINAS DE SANCHEZ,Centro,Ciudad Industrial,Villahermosa,Tabasco,86010","AV ALUMINIO 207 H A UN COSTADO DE OFICINAS DE SANCHEZ,Centro,Ciudad Industrial,Villahermosa,Tabasco,86010, Tabasco, 86010, MX",18.02941,-92.90456,"18.02941,-92.90456",29904,1061100,1061100,4502917874-fenix,CITA VIERNES  17/04/2026  2:30 PM,TABASCO,603
Pedido 444177,8/4/2026,A02040,CORPORACION SANCHEZ,BODEGA FENIX,CISAALMA,AV ALUMINIO 207 H A UN COSTADO DE OFICINAS DE SANCHEZ,CD INDUSTRIAL-VILLAHERMOSA,Centro,Ciudad Industrial,86010,Villahermosa,Tabasco,"AV ALUMINIO 207 H A UN COSTADO DE OFICINAS DE SANCHEZ,Centro,Ciudad Industrial,Villahermosa,Tabasco,86010","AV ALUMINIO 207 H A UN COSTADO DE OFICINAS DE SANCHEZ,Centro,Ciudad Industrial,Villahermosa,Tabasco,86010, Tabasco, 86010, MX",18.02941,-92.90456,"18.02941,-92.90456",30300,800700,800700,4502917875-fenix,CITA: LUNES 20/04/2026   5:30 AM,TABASCO,603
Pedido 444178,8/4/2026,A02040,CORPORACION SANCHEZ,BODEGA FENIX,CISAALMA,AV ALUMINIO 207 H A UN COSTADO DE OFICINAS DE SANCHEZ,CD INDUSTRIAL-VILLAHERMOSA,Centro,Ciudad Industrial,86010,Villahermosa,Tabasco,"AV ALUMINIO 207 H A UN COSTADO DE OFICINAS DE SANCHEZ,Centro,Ciudad Industrial,Villahermosa,Tabasco,86010","AV ALUMINIO 207 H A UN COSTADO DE OFICINAS DE SANCHEZ,Centro,Ciudad Industrial,Villahermosa,Tabasco,86010, Tabasco, 86010, MX",18.02941,-92.90456,"18.02941,-92.90456",30045,769680,769680,4502917876-fenix,CITA DOMINGO 19/04/2026  9:00 PM,TABASCO,603
Pedido 444109,8/4/2026,A02106,TIENDAS LORES,TIENDAS LORES (TIERRA BLANCA 4),CISAALMA,CALLE DEL SOLDADO ENTRE ESQUINA LERDO Y FRANCISCO I MADERO,CENTRO - TIERRA BLANCA,Tierra Blanca,Tierra Blanca Centro,95100,Tierra Blanca,Veracruz,"CALLE DEL SOLDADO ENTRE ESQUINA LERDO Y FRANCISCO I MADERO,Tierra Blanca,Tierra Blanca Centro,Tierra Blanca,Veracruz,95100","CALLE DEL SOLDADO ENTRE ESQUINA LERDO Y FRANCISCO I MADERO,Tierra Blanca,Tierra Blanca Centro,Tierra Blanca,Veracruz,95100, Veracruz, 95100, MX",18.4453,-96.36035,"18.4453,-96.36035",1643.58,"36771,4",500,,,,101
Pedido 444112,8/4/2026,A02270,TIENDAS LORES,TIENDAS LORES (CATEMACO),CISAALMA,CALLE FRANCISCO I MADERO S/N ENTRE 2 DE ABRIL Y ESQ FRANCISCO I MADERO,CENTRO - CATEMACO,Catemaco,Los Carriles,95870,Catemaco,Veracruz,"CALLE FRANCISCO I MADERO S/N ENTRE 2 DE ABRIL Y ESQ FRANCISCO I MADERO,Catemaco,Los Carriles,Catemaco,Veracruz,95870","CALLE FRANCISCO I MADERO S/N ENTRE 2 DE ABRIL Y ESQ FRANCISCO I MADERO,Catemaco,Los Carriles,Catemaco,Veracruz,95870, Veracruz, 95870, MX",18.41824,-95.11231,"18.41824,-95.11231",1099.1,24996,500,,,LOS TUXTLAS,101
Pedido 444066,8/4/2026,A02549,HOGAR SANTA ISABEL PARA ANCIANOS DESAMPARADOS,HOGAR SANTA ISABEL PARA ANCIANOS DESAMPARADOS INSTITUCION DE BENEFICENCIA PRIVADA,CISAALMA,AV COLON ORIENTE No 1922,CENTRO - ORIZABA,Orizaba,Orizaba Centro,94300,Orizaba,Veracruz,"AV COLON ORIENTE No 1922,Orizaba,Orizaba Centro,Orizaba,Veracruz,94300","AV COLON ORIENTE No 1922,Orizaba,Orizaba Centro,Orizaba,Veracruz,94300, Veracruz, 94300, MX",18.85252,-97.09198,"18.85252,-97.09198",49,950,950,*DONATIVO.,,ORIZABA,101
Pedido 444196,8/4/2026,A02598,HU-GAR AUTOSERVICIOS,HUGAR LA RIVERA,CISAALMA,CALLE LA RIVERA No 100,LA RIVERA - XICOTEPEC DE JUAREZ,Xicotepec,La Rivera,73080,Xicotepec,Puebla,"CALLE LA RIVERA No 100,Xicotepec,La Rivera,Xicotepec,Puebla,73080","CALLE LA RIVERA No 100,Xicotepec,La Rivera,Xicotepec,Puebla,73080, Puebla, 73080, MX",20.26611,-97.96223,"20.26611,-97.96223",433.8,9498,9498,,,VERACRUZ NORTE,172
Pedido 444197,8/4/2026,A02598,HU-GAR AUTOSERVICIOS,HUGAR CENTRO,CISAALMA,CALLE VICENTE SUAREZ No 107,CENTRO - XICOTEPEC DE JUAREZ,Xicotepec,Duraznotla,73080,Xicotepec,Puebla,"CALLE VICENTE SUAREZ No 107,Xicotepec,Duraznotla,Xicotepec,Puebla,73080","CALLE VICENTE SUAREZ No 107,Xicotepec,Duraznotla,Xicotepec,Puebla,73080, Puebla, 73080, MX",20.27817416,-97.95906901,"20.27817416,-97.95906901",150,2900,2900,,,VERACRUZ NORTE,172
Pedido 444198,8/4/2026,A02598,HU-GAR AUTOSERVICIOS,HU GAR AUTOSERVICIOS LA CEIBA,CISAALMA,EMILIANO ZAPATA 9,CENTRO-VILLA AVILA CAMACHO,Xicotepec,Villa Avila Camacho (La Ceiba),73090,,Puebla,"EMILIANO ZAPATA 9,Xicotepec,Villa Avila Camacho (La Ceiba),,Puebla,73090","EMILIANO ZAPATA 9,Xicotepec,Villa Avila Camacho (La Ceiba),,Puebla,73090, Puebla, 73090, MX",20.38683,-97.88077,"20.38683,-97.88077",223,4640,4640,,,VERACRUZ NORTE,172
Pedido 444199,8/4/2026,A02598,HU-GAR AUTOSERVICIOS,HUGAR NUEVA,CISAALMA,CALLE PALMA SOLA 13,CENTRO-VILLA LAZARO CARDENAS,Venustiano Carranza,Villa Lázaro Cárdenas (La Uno),73049,,Puebla,"CALLE PALMA SOLA 13,Venustiano Carranza,Villa Lázaro Cárdenas (La Uno),,Puebla,73049","CALLE PALMA SOLA 13,Venustiano Carranza,Villa Lázaro Cárdenas (La Uno),,Puebla,73049, Puebla, 73049, MX",20.46283,-97.70344,"20.46283,-97.70344",139,2880,2880,ENTREGAR VILLA LAZARO CARDENAS PUEBLA,,VERACRUZ NORTE,172
Pedido 444052,8/4/2026,A02607,OMAR CRUZ JULIAN,OMAR CRUZ JULIAN,CISAALMA,6TA CALLE OTE ESQUINA CON 5TA PRIV SUR No 30,CENTRO - TAPACHULA,Tapachula,Tapachula Centro,30700,Tapachula de Córdova y Ordóñez,Chiapas,"6TA CALLE OTE ESQUINA CON 5TA PRIV SUR No 30,Tapachula,Tapachula Centro,Tapachula de Córdova y Ordóñez,Chiapas,30700","6TA CALLE OTE ESQUINA CON 5TA PRIV SUR No 30,Tapachula,Tapachula Centro,Tapachula de Córdova y Ordóñez,Chiapas,30700, Chiapas, 30700, MX",14.90265,-92.26222,"14.90265,-92.26222",1645.91,"48121,06","48121,06",,,CHIAPAS  COSTA,131
Pedido 444053,8/4/2026,A02607,OMAR CRUZ JULIAN,OMAR CRUZ JULIAN,CISAALMA,6TA CALLE OTE ESQUINA CON 5TA PRIV SUR No 30,CENTRO - TAPACHULA,Tapachula,Tapachula Centro,30700,Tapachula de Córdova y Ordóñez,Chiapas,"6TA CALLE OTE ESQUINA CON 5TA PRIV SUR No 30,Tapachula,Tapachula Centro,Tapachula de Córdova y Ordóñez,Chiapas,30700","6TA CALLE OTE ESQUINA CON 5TA PRIV SUR No 30,Tapachula,Tapachula Centro,Tapachula de Córdova y Ordóñez,Chiapas,30700, Chiapas, 30700, MX",14.90265,-92.26222,"14.90265,-92.26222",122.4,7704,7704,,,CHIAPAS  COSTA,131
Pedido 444051,8/4/2026,A02626,SUPER ABARROTES CASTILLEJOS,ABARROTES CASTILLEJOS,CISAALMA,AV CENTRAL SUR No 26 B,CENTRO - SAN FERNANDO,San Fernando,Paraíso,29120,,Chiapas,"AV CENTRAL SUR No 26 B,San Fernando,Paraíso,,Chiapas,29120","AV CENTRAL SUR No 26 B,San Fernando,Paraíso,,Chiapas,29120, Chiapas, 29120, MX",16.87036,-93.2068,"16.87036,-93.2068",4627.2,77665,77665,,RECOBO DE 10:00 AM A4:00 PM,CHIAPAS CENTRO,249
Pedido 444116,8/4/2026,A02870,TIENDAS LORES,TIENDAS LORES (EMILIO CARRANZA),CISAALMA,5 DE MAYO No 58 ENTRE MIGUEL HIDALGO Y HOMBRES ILUSTRES,CENTRO - VEGA DE ALATORRE,Vega de Alatorre,Vega de Alatorre,93960,,Veracruz,"5 DE MAYO No 58 ENTRE MIGUEL HIDALGO Y HOMBRES ILUSTRES,Vega de Alatorre,Vega de Alatorre,,Veracruz,93960","5 DE MAYO No 58 ENTRE MIGUEL HIDALGO Y HOMBRES ILUSTRES,Vega de Alatorre,Vega de Alatorre,,Veracruz,93960, Veracruz, 93960, MX",19.96856,-96.61109,"19.96856,-96.61109",212.8,5521,500,,,VERACRUZ PUERTO,101
Pedido 444120,8/4/2026,A03189,TIENDAS LORES,TIENDAS LORES (LOS NARANJOS),CISAALMA,CALLE SALVADOR DIAZ MIRON S/N,CENTRO - TRES VALLES,Tres Valles,Los Naranjos,95360,,Veracruz,"CALLE SALVADOR DIAZ MIRON S/N,Tres Valles,Los Naranjos,,Veracruz,95360","CALLE SALVADOR DIAZ MIRON S/N,Tres Valles,Los Naranjos,,Veracruz,95360, Veracruz, 95360, MX",18.35439,-96.1665,"18.35439,-96.1665",1050.8,22721,186,,,TIERRA BLANCA,101
Pedido 444190,8/4/2026,A03195,GILBERTO SUAREZ ISLAS,GILBERTO SUAREZ ISLAS,CISAALMA,CALLE HERMANOS SERDAN No 3,CENTRO - VENUSTIANO CARRANZA,Venustiano Carranza,Venustiano Carranza,73040,,Puebla,"CALLE HERMANOS SERDAN No 3,Venustiano Carranza,Venustiano Carranza,,Puebla,73040","CALLE HERMANOS SERDAN No 3,Venustiano Carranza,Venustiano Carranza,,Puebla,73040, Puebla, 73040, MX",20.50541,-97.66883,"20.50541,-97.66883",1250,22000,22000,ENTREGAR EN VILLA LAZARO CARDENAS PUEBLA N 74 CENT,,,172
Pedido 444191,8/4/2026,A03195,GILBERTO SUAREZ ISLAS,GILBERTO SUAREZ ISLAS,CISAALMA,CALLE HERMANOS SERDAN No 3,CENTRO - VENUSTIANO CARRANZA,Venustiano Carranza,Venustiano Carranza,73040,,Puebla,"CALLE HERMANOS SERDAN No 3,Venustiano Carranza,Venustiano Carranza,,Puebla,73040","CALLE HERMANOS SERDAN No 3,Venustiano Carranza,Venustiano Carranza,,Puebla,73040, Puebla, 73040, MX",20.50541,-97.66883,"20.50541,-97.66883",3750,66000,66000,ENTREGAR EN VENUSTIANO CARRANZA PUEBLA,,,172
Pedido 444122,8/4/2026,A03314,TIENDAS LORES,TIENDAS LORES (CARLOS A CARRILLO),CISAALMA,CALLE ARGENTINA S/N,CENTRO - CARLOS A CARILLO,Carlos A. Carrillo,Carlos A Carrillo Centro,95330,Carlos A. Carrillo,Veracruz,"CALLE ARGENTINA S/N,Carlos A. Carrillo,Carlos A Carrillo Centro,Carlos A. Carrillo,Veracruz,95330","CALLE ARGENTINA S/N,Carlos A. Carrillo,Carlos A Carrillo Centro,Carlos A. Carrillo,Veracruz,95330, Veracruz, 95330, MX",18.37373,-95.74841,"18.37373,-95.74841",1536.18,"34200,4",500,,,COSAMALOAPAN,101
Pedido 444121,8/4/2026,A03315,TIENDAS LORES,TIENDAS LORES (ALTO LUCERO),CISAALMA,CALLE ANTONIO SOSA No 35,CENTRO - ALTO LUCERO DE GUTIERREZ BARRIOS,Alto Lucero de Gutiérrez Barrios,Rancho Nuevo,91477,,Veracruz,"CALLE ANTONIO SOSA No 35,Alto Lucero de Gutiérrez Barrios,Rancho Nuevo,,Veracruz,91477","CALLE ANTONIO SOSA No 35,Alto Lucero de Gutiérrez Barrios,Rancho Nuevo,,Veracruz,91477, Veracruz, 91477, MX",19.77138,-96.43203,"19.77138,-96.43203",381,9262,500,,,VERACRUZ PUERTO,101
Pedido 444126,8/4/2026,A03406,TIENDAS LORES,TIENDAS LORES (RINCONADA),CISAALMA,AV INDEPENDENCIA No 236,CENTRO - RINCONADA,Emiliano Zapata,El Tepeyac,91634,,Veracruz,"AV INDEPENDENCIA No 236,Emiliano Zapata,El Tepeyac,,Veracruz,91634","AV INDEPENDENCIA No 236,Emiliano Zapata,El Tepeyac,,Veracruz,91634, Veracruz, 91634, MX",19.35323,-96.56418,"19.35323,-96.56418",944.2,20891,500,,,VERACRUZ PUERTO,101
Pedido 444127,8/4/2026,A03479,TIENDAS LORES,TIENDAS LORES (TUXTEPEC JARDINES),CISAALMA,CARRETERA FEDERAL A OJITLAN 1,JARDINES DEL ARROYO - SAN JUAN BAUTISTA TUXTEPEC,San Juan Bautista Tuxtepec,Jardines del Arroyo,68340,San Juan Bautista Tuxtepec,Oaxaca,"CARRETERA FEDERAL A OJITLAN 1,San Juan Bautista Tuxtepec,Jardines del Arroyo,San Juan Bautista Tuxtepec,Oaxaca,68340","CARRETERA FEDERAL A OJITLAN 1,San Juan Bautista Tuxtepec,Jardines del Arroyo,San Juan Bautista Tuxtepec,Oaxaca,68340, Oaxaca, 68340, MX",18.08623,-96.14966,"18.08623,-96.14966",2348.3,52183,1242,,,TUXTEPEC,101
Pedido 444129,8/4/2026,A03623,TIENDAS LORES,TIENDAS LORES (HACIENDA REAL),CISAALMA,BOULEVARD HACIENDA REAL LOTE 3 MZA 67,HACIENDA REAL - SAN JUAN BAUTISTA TUXTEPEC,San Juan Bautista Tuxtepec,5 de Febrero,68375,San Juan Bautista Tuxtepec,Oaxaca,"BOULEVARD HACIENDA REAL LOTE 3 MZA 67,San Juan Bautista Tuxtepec,5 de Febrero,San Juan Bautista Tuxtepec,Oaxaca,68375","BOULEVARD HACIENDA REAL LOTE 3 MZA 67,San Juan Bautista Tuxtepec,5 de Febrero,San Juan Bautista Tuxtepec,Oaxaca,68375, Oaxaca, 68375, MX",18.11073,-96.14162,"18.11073,-96.14162",792.4,17916,500,,,TUXTEPEC,101
Pedido 444132,8/4/2026,A03702,TIENDAS LORES,TIENDAS LORES (ACATLAN DE PEREZ FIGUEROA),CISAALMA,CALLE FRANCISCO JAVIER MINA 156,CENTRO - ACATLAN DE PEREZ FIGUEROA,Acatlán de Pérez Figueroa,Luces de la Revolución,68420,,Oaxaca,"CALLE FRANCISCO JAVIER MINA 156,Acatlán de Pérez Figueroa,Luces de la Revolución,,Oaxaca,68420","CALLE FRANCISCO JAVIER MINA 156,Acatlán de Pérez Figueroa,Luces de la Revolución,,Oaxaca,68420, Oaxaca, 68420, MX",18.5377,-96.60666,"18.5377,-96.60666",1197.28,"27767,4",500,,,,101
Pedido 444069,8/4/2026,A03715,RESIDENCIA EMAUS,RESIDENCIA EMAUS,CISAALMA,CALZADA EMAUS 4609,PUEBLO QUIETO CORDOBA,Córdoba,Pueblo Quieto,94557,Córdoba,Veracruz,"CALZADA EMAUS 4609,Córdoba,Pueblo Quieto,Córdoba,Veracruz,94557","CALZADA EMAUS 4609,Córdoba,Pueblo Quieto,Córdoba,Veracruz,94557, Veracruz, 94557, MX",18.89522,-96.96335,"18.89522,-96.96335",49,915,915,*DONATIVO.,,,101
Pedido 444133,8/4/2026,A03792,TIENDAS LORES,TIENDAS LORES (OMEALCA),CISAALMA,"AVENIDA ZARAGOZA ZONA 06, REGION 01 MZA 021 LOTE 026",CENTRO - OMEALCA,Omealca,Las Palmas,94900,,Veracruz,"AVENIDA ZARAGOZA ZONA 06, REGION 01 MZA 021 LOTE 026,Omealca,Las Palmas,,Veracruz,94900","AVENIDA ZARAGOZA ZONA 06, REGION 01 MZA 021 LOTE 026,Omealca,Las Palmas,,Veracruz,94900, Veracruz, 94900, MX",18.8163,-97.27144,"18.8163,-97.27144",214.6,5313,500,,,,101
Pedido 444200,8/4/2026,A03969,ECONOSUPER DEL CENTRO,ECONO SUPER DEL CENTRO,CISAALMA,CALLE REFORMA No 113,CENTRO - XICOTEPEC DE JUAREZ,Xicotepec,Duraznotla,73080,Xicotepec,Puebla,"CALLE REFORMA No 113,Xicotepec,Duraznotla,Xicotepec,Puebla,73080","CALLE REFORMA No 113,Xicotepec,Duraznotla,Xicotepec,Puebla,73080, Puebla, 73080, MX",20.2752,-97.9571,"20.2752,-97.9571",3195,70491,70491,,,,172
Pedido 444140,8/4/2026,A04072,TIENDAS LORES,TIENDAS LORES (ANTON LIZARDO),CISAALMA,CALLE 5 DE MAYO No 3-B,CENTRO - ANTON LIZARDO,Alvarado,Instituto Oceanográfico Del Golfo y Mar Caribe,95269,,Veracruz,"CALLE 5 DE MAYO No 3-B,Alvarado,Instituto Oceanográfico Del Golfo y Mar Caribe,,Veracruz,95269","CALLE 5 DE MAYO No 3-B,Alvarado,Instituto Oceanográfico Del Golfo y Mar Caribe,,Veracruz,95269, Veracruz, 95269, MX",19.06085,-95.98795,"19.06085,-95.98795",242.36,"6944,2",500,,,,101
Pedido 444142,8/4/2026,A04220,TIENDAS LORES,TIENDAS LORES (TLACOTALPAN),CISAALMA,AV VENUSTIANO CARRANZA ESQ CALLE MIGUEL NEGRETE No 21,TLACOTALPAN - VERACRUZ,Tlacotalpan,Tlacotalpan,95460,,Veracruz,"AV VENUSTIANO CARRANZA ESQ CALLE MIGUEL NEGRETE No 21,Tlacotalpan,Tlacotalpan,,Veracruz,95460","AV VENUSTIANO CARRANZA ESQ CALLE MIGUEL NEGRETE No 21,Tlacotalpan,Tlacotalpan,,Veracruz,95460, Veracruz, 95460, MX",18.61138,-95.65796,"18.61138,-95.65796",2348.8,51511,500,,,,101
Pedido 444143,8/4/2026,A04264,TIENDAS LORES,TIENDAS LORES (TRES VALLES SEGURO SOCIAL),CISAALMA,BLVD ALVARO OBREGON,3 VALLES CENTRO - TRES VALLES,Tres Valles,3 Valles Centro,95300,Tres Valles,Veracruz,"BLVD ALVARO OBREGON,Tres Valles,3 Valles Centro,Tres Valles,Veracruz,95300","BLVD ALVARO OBREGON,Tres Valles,3 Valles Centro,Tres Valles,Veracruz,95300, Veracruz, 95300, MX",18.23872,-96.13442,"18.23872,-96.13442",2305.38,"51321,8",1428,,,TIERRA BLANCA,101
Pedido 444144,8/4/2026,A04299,TIENDAS LORES,TIENDAS LORES (OTATITLAN),CISAALMA,CALLE SALVADOR DIAZ MIRON NUM 4,CENTRO - VERACRUZ,Otatitlán,Otatitlan,95500,,Veracruz,"CALLE SALVADOR DIAZ MIRON NUM 4,Otatitlán,Otatitlan,,Veracruz,95500","CALLE SALVADOR DIAZ MIRON NUM 4,Otatitlán,Otatitlan,,Veracruz,95500, Veracruz, 95500, MX",18.17686,-96.03559,"18.17686,-96.03559",519,12214,500,,,,101
Pedido 444145,8/4/2026,A04337,TIENDAS LORES,TIENDAS LORES (OASIS),CISAALMA,CALLE PASEO OASIS No 485,OASIS - VERACRUZ,Veracruz,Oasis,91808,Veracruz,Veracruz,"CALLE PASEO OASIS No 485,Veracruz,Oasis,Veracruz,Veracruz,91808","CALLE PASEO OASIS No 485,Veracruz,Oasis,Veracruz,Veracruz,91808, Veracruz, 91808, MX",19.20205,-96.21952,"19.20205,-96.21952",319.78,"8114,8",500,,,VERACRUZ NORTE,101
Pedido 444088,8/4/2026,A04358,TIENDAS LORES,TIENDAS LORES (PROLONGACION INDEPENDENCIA),CISAALMA,AV PROLONGACION INDEPENDENCIA S/N ESQ CALLE 3,OAXACA - SAN JUAN BAUTISTA,San Juan Bautista Tuxtepec,Oaxaca,68373,San Juan Bautista Tuxtepec,Oaxaca,"AV PROLONGACION INDEPENDENCIA S/N ESQ CALLE 3,San Juan Bautista Tuxtepec,Oaxaca,San Juan Bautista Tuxtepec,Oaxaca,68373","AV PROLONGACION INDEPENDENCIA S/N ESQ CALLE 3,San Juan Bautista Tuxtepec,Oaxaca,San Juan Bautista Tuxtepec,Oaxaca,68373, Oaxaca, 68373, MX",18.08405,-96.14109,"18.08405,-96.14109",786.36,"19200,2",500,,,TUXTEPEC,101
Pedido 444147,8/4/2026,A04380,TIENDAS LORES,TIENDAS LORES (ISLA 2),CISAALMA,AV FLORES MAGON S/N,CENTRO - ISLA,Isla,Isla Centro,95640,Isla,Veracruz,"AV FLORES MAGON S/N,Isla,Isla Centro,Isla,Veracruz,95640","AV FLORES MAGON S/N,Isla,Isla Centro,Isla,Veracruz,95640, Veracruz, 95640, MX",18.02912,-95.52445,"18.02912,-95.52445",1548.18,"35011,4",500,,,TUXTEPEC,101
Pedido 444180,8/4/2026,A04395,FUNDACION DE BENEFICENCIA PRIVADA BANCO DE ALIMENTOS CARITAS PUEBLA,FUNDACION DE BENEFICENCIA PRIVADA BANCO DE ALIMENTOS CARITAS PUEBLA,CISAALMA,CALLE CAMINO VIEJO A TLAXCALA NUM 209,SN FCO OCOTLAN-CORONANGO,Coronango,San Francisco Ocotlán,72680,,Puebla,"CALLE CAMINO VIEJO A TLAXCALA NUM 209,Coronango,San Francisco Ocotlán,,Puebla,72680","CALLE CAMINO VIEJO A TLAXCALA NUM 209,Coronango,San Francisco Ocotlán,,Puebla,72680, Puebla, 72680, MX",19.11272,-98.27702,"19.11272,-98.27702",500,9250,9250,*DONATIVO.,,PUEBLA,101
Pedido 444150,8/4/2026,A04506,TIENDAS LORES,TIENDAS LORES (TIERRA BLANCA 7),CISAALMA,CALLE JOSEFA ORTIZ DE DOMINGUEZ NUM 122,SANTA LUCRECIA-TIERRA BLANCA,Tierra Blanca,Santa Lucrecia,95170,Tierra Blanca,Veracruz,"CALLE JOSEFA ORTIZ DE DOMINGUEZ NUM 122,Tierra Blanca,Santa Lucrecia,Tierra Blanca,Veracruz,95170","CALLE JOSEFA ORTIZ DE DOMINGUEZ NUM 122,Tierra Blanca,Santa Lucrecia,Tierra Blanca,Veracruz,95170, Veracruz, 95170, MX",18.44127,-96.36322,"18.44127,-96.36322",802.66,"19565,2",1000,,,TIERRA BLANCA,101
Pedido 444151,8/4/2026,A04520,TIENDAS LORES,TIENDAS LORES (TIERRA BLANCA 6),CISAALMA,CALLE PORFIRIO DIAZ NUM 502,TORREON TIERRA BLANCA,Tierra Blanca,Torreón,95120,Tierra Blanca,Veracruz,"CALLE PORFIRIO DIAZ NUM 502,Tierra Blanca,Torreón,Tierra Blanca,Veracruz,95120","CALLE PORFIRIO DIAZ NUM 502,Tierra Blanca,Torreón,Tierra Blanca,Veracruz,95120, Veracruz, 95120, MX",18.44957,-96.3697,"18.44957,-96.3697",811,18744,1000,,,TIERRA BLANCA,101
Pedido 444152,8/4/2026,A04532,TIENDAS LORES,TIENDAS LORES (SANTIAGO TUXTLA 2),CISAALMA,CALLE PROLONGACION LOS LIBRES ESQ. CALLE ORO NUM 535,PEDREGAL SANTIAGO TUXTLA,Santiago Tuxtla,Pedregal,95833,Santiago Tuxtla,Veracruz,"CALLE PROLONGACION LOS LIBRES ESQ. CALLE ORO NUM 535,Santiago Tuxtla,Pedregal,Santiago Tuxtla,Veracruz,95833","CALLE PROLONGACION LOS LIBRES ESQ. CALLE ORO NUM 535,Santiago Tuxtla,Pedregal,Santiago Tuxtla,Veracruz,95833, Veracruz, 95833, MX",18.45716,-95.30905,"18.45716,-95.30905",305,7058,500,,,LOS TUXTLAS,101
Pedido 444153,8/4/2026,A04546,TIENDAS LORES,TIENDAS LORES (TRES VALLES LAS ABEJAS),CISAALMA,CALLE EMILIANO ZAPATA NUM 530,TRES VALLES CENTRO,Tres Valles,3 Valles Centro,95300,Tres Valles,Veracruz,"CALLE EMILIANO ZAPATA NUM 530,Tres Valles,3 Valles Centro,Tres Valles,Veracruz,95300","CALLE EMILIANO ZAPATA NUM 530,Tres Valles,3 Valles Centro,Tres Valles,Veracruz,95300, Veracruz, 95300, MX",18.24294,-96.12779,"18.24294,-96.12779",843,18617,500,,,TIERRA BLANCA,101
Pedido 444071,8/4/2026,A04621,FORTALEZA Y VIDA PARA TI,FORTALEZA Y VIDA PARA TI,CISAALMA,AV. REVOLUCION NUM 614,CENTRO-BOCA DEL RIO,Boca del Río,Boca del Río Centro,94290,Boca del RÍo,Veracruz,"AV. REVOLUCION NUM 614,Boca del Río,Boca del Río Centro,Boca del RÍo,Veracruz,94290","AV. REVOLUCION NUM 614,Boca del Río,Boca del Río Centro,Boca del RÍo,Veracruz,94290, Veracruz, 94290, MX",19.10429,-96.10626,"19.10429,-96.10626",10,210,210,*DONATIVO.,,VERACRUZ PUERTO,101
Pedido 444156,8/4/2026,A04623,TIENDAS LORES,TIENDAS LORES (VILLA URSULO GALVAN),CISAALMA,CALLE MIGUEL ALEMAN 535,VILLA URSULO GALVAN-URSULO GALVAN,Ursulo Galván,Villa Úrsulo Galvan,91667,,Veracruz,"CALLE MIGUEL ALEMAN 535,Ursulo Galván,Villa Úrsulo Galvan,,Veracruz,91667","CALLE MIGUEL ALEMAN 535,Ursulo Galván,Villa Úrsulo Galvan,,Veracruz,91667, Veracruz, 91667, MX",19.40459,-96.35951,"19.40459,-96.35951",355.9,7514,500,,,,101
Pedido 444159,8/4/2026,A04667,TIENDAS LORES,TIENDAS LORES ISLA 3,CISAALMA,AV RAUL SANDOVAL 23,ISLA CENTRO-ISLA,Isla,Isla Centro,95640,Isla,Veracruz,"AV RAUL SANDOVAL 23,Isla,Isla Centro,Isla,Veracruz,95640","AV RAUL SANDOVAL 23,Isla,Isla Centro,Isla,Veracruz,95640, Veracruz, 95640, MX",18.02369,-95.52931,"18.02369,-95.52931",1948.3,44030,500,,,LOMA BONITA,101
Pedido 444160,8/4/2026,A04680,TIENDAS LORES,TIENDAS LORES CARRILLO 2,CISAALMA,BLVD MIGUEL ALEMAN NUM 346,PAPELERA-CARLOS A CARRILLO,Carlos A. Carrillo,Papelera,95342,Carlos A. Carrillo,Veracruz,"BLVD MIGUEL ALEMAN NUM 346,Carlos A. Carrillo,Papelera,Carlos A. Carrillo,Veracruz,95342","BLVD MIGUEL ALEMAN NUM 346,Carlos A. Carrillo,Papelera,Carlos A. Carrillo,Veracruz,95342, Veracruz, 95342, MX",18.37339,-95.75104,"18.37339,-95.75104",1648.78,"35955,4",500,,,COSAMALOAPAN,101
Pedido 444161,8/4/2026,A04684,TIENDAS LORES,TIENDAS LORES JAMAPA,CISAALMA,AV. ORIENTE 1 LOTE 7-A MZA 7,JAMAPA,Jamapa,Jamapa,94260,,Veracruz,"AV. ORIENTE 1 LOTE 7-A MZA 7,Jamapa,Jamapa,,Veracruz,94260","AV. ORIENTE 1 LOTE 7-A MZA 7,Jamapa,Jamapa,,Veracruz,94260, Veracruz, 94260, MX",19.04276,-96.24133,"19.04276,-96.24133",526.1,12329,500,,,PIEDRAS NEGRAS,101
Pedido 444162,8/4/2026,A04694,TIENDAS LORES,TIENDAS LORES LERDO DE TEJADA 2,CISAALMA,CARR FEDERAL VERACRUZ NUM 281,CENTRO-LERDO DE TEJADA,Lerdo de Tejada,Lerdo de Tejada Centro,95280,Lerdo de Tejada,Veracruz,"CARR FEDERAL VERACRUZ NUM 281,Lerdo de Tejada,Lerdo de Tejada Centro,Lerdo de Tejada,Veracruz,95280","CARR FEDERAL VERACRUZ NUM 281,Lerdo de Tejada,Lerdo de Tejada Centro,Lerdo de Tejada,Veracruz,95280, Veracruz, 95280, MX",18.62964,-95.51452,"18.62964,-95.51452",695.08,"15865,4",500,,,LOS TUXTLAS,101
Pedido 444163,8/4/2026,A04821,TIENDAS LORES,TIENDAS LORES GABINO,CISAALMA,AV ADOLFO LOPEZ MATEOS LOTE 9,CENTRO-GABINO,Cosamaloapan de Carpio,Gabino Barreda,95429,,Veracruz,"AV ADOLFO LOPEZ MATEOS LOTE 9,Cosamaloapan de Carpio,Gabino Barreda,,Veracruz,95429","AV ADOLFO LOPEZ MATEOS LOTE 9,Cosamaloapan de Carpio,Gabino Barreda,,Veracruz,95429, Veracruz, 95429, MX",18.17708,-96.09139,"18.17708,-96.09139",1660.4,37078,1000,,,COSAMALOAPAN,101
Pedido 444166,8/4/2026,A04840,TIENDAS LORES,TIENDAS LORES RODRIGUEZ CLARA 2,CISAALMA,BOULEVARD SR SALVADOR NAVARRETE GOMEZ NUM 42,BENITO JUAREZ-RODRIGUEZ CLARA,Juan Rodríguez Clara,Benito Juárez,95300,Juan Rodríguez Clara,Veracruz,"BOULEVARD SR SALVADOR NAVARRETE GOMEZ NUM 42,Juan Rodríguez Clara,Benito Juárez,Juan Rodríguez Clara,Veracruz,95300","BOULEVARD SR SALVADOR NAVARRETE GOMEZ NUM 42,Juan Rodríguez Clara,Benito Juárez,Juan Rodríguez Clara,Veracruz,95300, Veracruz, 95300, MX",18.00406,-95.40127,"18.00406,-95.40127",1284.3,29162,1242,,,LOMA,101
Pedido 444169,8/4/2026,A04915,TIENDAS LORES,TIENDAS LORES (PUENTE DE JULA),CISAALMA,CARR. FEDERAL XALAPA-VERACRUZ 6,PUENTE DE JULA-PASO DE OVEJAS,Paso de Ovejas,Puente de Jula,91674,,Veracruz,"CARR. FEDERAL XALAPA-VERACRUZ 6,Paso de Ovejas,Puente de Jula,,Veracruz,91674","CARR. FEDERAL XALAPA-VERACRUZ 6,Paso de Ovejas,Puente de Jula,,Veracruz,91674, Veracruz, 91674, MX",19.20062,-96.34727,"19.20062,-96.34727",702,15379,500,,,XALAPA,101
Pedido 444195,8/4/2026,A04919,MARTHA HUERTA ARROYO (REM),MARTHA HUERTA ARROYO (REM),CISAALMA,AV LAZARO CARDENAS NUM 325 E ZAPATA,AVILA CAMACHO-MPIO XICOTEPEC,Xicotepec,Villa Avila Camacho (La Ceiba),73090,,Puebla,"AV LAZARO CARDENAS NUM 325 E ZAPATA,Xicotepec,Villa Avila Camacho (La Ceiba),,Puebla,73090","AV LAZARO CARDENAS NUM 325 E ZAPATA,Xicotepec,Villa Avila Camacho (La Ceiba),,Puebla,73090, Puebla, 73090, MX",20.38906,-97.87941,"20.38906,-97.87941",380,7920,7920,SE ENTREGA EN AVILA CAMACHO PUEBLA,,VERACRUZ NORTE,172
Pedido 444173,8/4/2026,A05024,TIENDAS LORES,TIENDAS LORES SAN ANDRES 3 (SIHUAPAN),CISAALMA,AV INDEPENDENCIA SN,SIHUAPAN CENTRO-SAN ANDRES TUXTLA,San Andrés Tuxtla,Sihuapan Centro,95810,Sihuapan,Veracruz,"AV INDEPENDENCIA SN,San Andrés Tuxtla,Sihuapan Centro,Sihuapan,Veracruz,95810","AV INDEPENDENCIA SN,San Andrés Tuxtla,Sihuapan Centro,Sihuapan,Veracruz,95810, Veracruz, 95810, MX",18.4334,-95.17653,"18.4334,-95.17653",489,12840,928,,,LOS TUXTLAS,101
Pedido 444174,8/4/2026,A05032,TIENDAS LORES,TIENDAS LORES TEJERIA,CISAALMA,AV 6 NUM 2 LOTE 7,DOS LOMAS-TEJERIA,Veracruz,2 Lomas,91697,,Veracruz,"AV 6 NUM 2 LOTE 7,Veracruz,2 Lomas,,Veracruz,91697","AV 6 NUM 2 LOTE 7,Veracruz,2 Lomas,,Veracruz,91697, Veracruz, 91697, MX",19.16126,-96.21654,"19.16126,-96.21654",319.96,"8031,2",500,,,VERACRUZ PUERTO,101
Pedido 444184,8/4/2026,B00049,JUGOS Y BASICOS DE LA COSTA,JUGOS Y BASICOS DE LA COSTA S.A. DE C.V.,CISAALMA,25A CALLE PONIENTE ENTRE 2A Y AV NORTE S/N,5 DE FEBRERO - TAPACHULA,Tapachula,5 de Febrero,30710,Tapachula de Córdova y Ordóñez,Chiapas,"25A CALLE PONIENTE ENTRE 2A Y AV NORTE S/N,Tapachula,5 de Febrero,Tapachula de Córdova y Ordóñez,Chiapas,30710","25A CALLE PONIENTE ENTRE 2A Y AV NORTE S/N,Tapachula,5 de Febrero,Tapachula de Córdova y Ordóñez,Chiapas,30710, Chiapas, 30710, MX",14.91678,-92.25829,"14.91678,-92.25829",30000,626480,626480,*-2% DESC COMERCIAL. Entregar Miercoles15abr.,CITA MIERCOLES 15/04/2026,CHIAPAS COSTA,154